0,834,182,57,27.3,172.16.60.31,2018-04-30,14:29:39
59,834,23,55.6,27.3,172.16.60.31,2018-04-30,14:29:46
61,834,0,55,27.3,172.16.60.31,2018-04-30,14:29:54
60,834,221,54.6,27.3,172.16.60.31,2018-04-30,14:30:04
60,834,56,54.1,27.3,172.16.60.31,2018-04-30,14:30:12
61,833,48,54.6,27.3,172.16.60.31,2018-04-30,14:30:20
60,833,0,54.6,27.3,172.16.60.31,2018-04-30,14:30:29
61,833,105,54.6,27.3,172.16.60.31,2018-04-30,14:30:37
60,833,0,54.6,27.3,172.16.60.31,2018-04-30,14:30:45
61,833,75,54.6,27.3,172.16.60.31,2018-04-30,14:30:52
61,833,0,55,27.3,172.16.60.31,2018-04-30,14:31:00
61,833,2,54.6,27.3,172.16.60.31,2018-04-30,14:31:08
60,833,56,55,27.3,172.16.60.31,2018-04-30,14:31:16
60,833,51,55,27.3,172.16.60.31,2018-04-30,14:31:23
61,833,16,55,28,172.16.60.31,2018-04-30,14:31:32
60,833,0,55,28,172.16.60.31,2018-04-30,14:31:39
61,833,0,55,28,172.16.60.31,2018-04-30,14:31:47
61,833,0,55,28,172.16.60.31,2018-04-30,14:31:54
61,833,31,55.1,28,172.16.60.31,2018-04-30,14:32:02
60,833,75,55.1,28,172.16.60.31,2018-04-30,14:32:10
61,833,20,55.6,28,172.16.60.31,2018-04-30,14:32:18
60,833,98,55.5,28,172.16.60.31,2018-04-30,14:32:26
60,833,58,55.5,28,172.16.60.31,2018-04-30,14:32:34
60,833,0,55.5,28,172.16.60.31,2018-04-30,14:32:43
60,833,0,55.5,28,172.16.60.31,2018-04-30,14:32:52
59,833,56,55.5,28,172.16.60.31,2018-04-30,14:33:01
60,833,4,55.5,28,172.16.60.31,2018-04-30,14:33:09
59,833,37,55.5,28,172.16.60.31,2018-04-30,14:33:16
59,833,81,55.5,28,172.16.60.31,2018-04-30,14:33:24
59,833,0,55.5,28,172.16.60.31,2018-04-30,14:33:32
59,833,60,55.5,28,172.16.60.31,2018-04-30,14:33:40
60,833,132,55.5,28,172.16.60.31,2018-04-30,14:33:47
59,833,18,55.5,28,172.16.60.31,2018-04-30,14:33:56
59,833,0,55.5,28,172.16.60.31,2018-04-30,14:34:04
59,833,0,55.5,28,172.16.60.31,2018-04-30,14:34:12
59,833,68,55.5,28,172.16.60.31,2018-04-30,14:34:22
59,833,63,55.5,28,172.16.60.31,2018-04-30,14:34:30
60,833,0,55.5,28,172.16.60.31,2018-04-30,14:34:38
60,833,10,55.5,28,172.16.60.31,2018-04-30,14:34:46
60,832,0,55.5,28,172.16.60.31,2018-04-30,14:34:53
59,832,0,55.5,28,172.16.60.31,2018-04-30,14:35:03
59,832,68,55.5,28,172.16.60.31,2018-04-30,14:35:12
59,832,0,55.5,28,172.16.60.31,2018-04-30,14:35:20
58,832,0,55.5,28,172.16.60.31,2018-04-30,14:35:28
59,832,44,55.5,28,172.16.60.31,2018-04-30,14:35:37
58,832,19,55.5,28,172.16.60.31,2018-04-30,14:35:46
58,832,9,55.5,28,172.16.60.31,2018-04-30,14:35:54
56,832,52,55.1,28,172.16.60.31,2018-04-30,14:36:02
59,832,115,55.6,28,172.16.60.31,2018-04-30,14:36:10
58,832,79,55.1,28,172.16.60.31,2018-04-30,14:36:17
58,832,77,55,28,172.16.60.31,2018-04-30,14:36:25
59,832,30,55,28,172.16.60.31,2018-04-30,14:36:33
59,832,34,55,28,172.16.60.31,2018-04-30,14:36:41
59,832,15,55,28,172.16.60.31,2018-04-30,14:36:49
57,832,39,55,28,172.16.60.31,2018-04-30,14:36:57
58,832,0,55,28,172.16.60.31,2018-04-30,14:37:05
58,832,0,55,28,172.16.60.31,2018-04-30,14:37:13
58,832,40,55,28,172.16.60.31,2018-04-30,14:37:21
57,832,93,54.6,28,172.16.60.31,2018-04-30,14:37:29
57,832,89,54.6,28,172.16.60.31,2018-04-30,14:37:37
57,832,41,54.6,28,172.16.60.31,2018-04-30,14:37:45
57,832,17,54.6,28.7,172.16.60.31,2018-04-30,14:37:54
57,832,74,54.6,28.7,172.16.60.31,2018-04-30,14:38:01
56,832,0,54.6,28.7,172.16.60.31,2018-04-30,14:38:10
56,832,0,54.6,28.7,172.16.60.31,2018-04-30,14:38:18
55,832,29,54.6,28.7,172.16.60.31,2018-04-30,14:38:27
56,832,0,54.6,28.7,172.16.60.31,2018-04-30,14:38:36
57,831,0,54.6,28.7,172.16.60.31,2018-04-30,14:38:44
57,832,0,54.6,28.7,172.16.60.31,2018-04-30,14:38:54
58,831,120,54.6,28.7,172.16.60.31,2018-04-30,14:39:01
57,831,50,54.6,28.7,172.16.60.31,2018-04-30,14:39:09
57,831,0,54.6,28.7,172.16.60.31,2018-04-30,14:39:17
57,831,84,54.6,28.7,172.16.60.31,2018-04-30,14:39:25
58,831,100,54.6,28.7,172.16.60.31,2018-04-30,14:39:32
58,831,28,54.6,28.7,172.16.60.31,2018-04-30,14:39:41
58,831,0,54.1,28.7,172.16.60.31,2018-04-30,14:39:49
57,831,95,54.1,28.7,172.16.60.31,2018-04-30,14:39:57
58,831,7,54.1,28.7,172.16.60.31,2018-04-30,14:40:06
58,831,80,54.1,28.7,172.16.60.31,2018-04-30,14:40:14
58,831,0,54.1,28.7,172.16.60.31,2018-04-30,14:40:23
58,831,65,54.1,28.7,172.16.60.31,2018-04-30,14:40:32
58,831,0,54.1,28.7,172.16.60.31,2018-04-30,14:40:39
58,831,0,54.1,28.7,172.16.60.31,2018-04-30,14:40:47
58,831,79,54.1,28.7,172.16.60.31,2018-04-30,14:40:56
58,831,0,54.1,28.7,172.16.60.31,2018-04-30,14:41:03
58,831,8,53.6,28.7,172.16.60.31,2018-04-30,14:41:11
58,831,96,53.6,28.7,172.16.60.31,2018-04-30,14:41:20
58,831,91,53.1,28.7,172.16.60.31,2018-04-30,14:41:28
58,831,0,52.6,28.7,172.16.60.31,2018-04-30,14:41:36
58,831,0,52.6,28.7,172.16.60.31,2018-04-30,14:41:44
58,831,75,52.6,28.7,172.16.60.31,2018-04-30,14:41:52
57,831,30,52.6,28.7,172.16.60.31,2018-04-30,14:42:00
57,831,17,52.1,28.7,172.16.60.31,2018-04-30,14:42:08
57,831,30,52.1,28.7,172.16.60.31,2018-04-30,14:42:17
57,831,5,52.1,28.7,172.16.60.31,2018-04-30,14:42:26
57,831,31,52.1,28.7,172.16.60.31,2018-04-30,14:42:34
57,831,106,52.1,28.7,172.16.60.31,2018-04-30,14:42:42
52,831,0,52.1,28.7,172.16.60.31,2018-04-30,14:42:50
0,831,228,54.1,28.7,172.16.60.31,2018-04-30,14:43:15
51,831,19,52.6,28.7,172.16.60.31,2018-04-30,14:43:23
55,831,29,52.1,28.7,172.16.60.31,2018-04-30,14:43:31
55,831,72,51.6,28.7,172.16.60.31,2018-04-30,14:43:39
55,831,0,51.6,28.7,172.16.60.31,2018-04-30,14:43:47
55,831,0,51.6,28.7,172.16.60.31,2018-04-30,14:43:55
55,831,0,51.6,28.7,172.16.60.31,2018-04-30,14:44:03
54,831,14,51.1,28.7,172.16.60.31,2018-04-30,14:44:11
54,831,13,51.1,28.7,172.16.60.31,2018-04-30,14:44:21
52,831,38,51.1,28.7,172.16.60.31,2018-04-30,14:44:29
50,831,141,51.1,28.7,172.16.60.31,2018-04-30,14:44:37
49,831,41,51.1,28.7,172.16.60.31,2018-04-30,14:44:44
48,831,64,50.7,28.7,172.16.60.31,2018-04-30,14:44:52
46,831,22,51.2,28.7,172.16.60.31,2018-04-30,14:45:01
44,831,147,50.6,28.7,172.16.60.31,2018-04-30,14:45:08
21,831,1023,52.6,28.7,172.16.60.31,2018-04-30,14:45:16
36,831,106,52.1,28.7,172.16.60.31,2018-04-30,14:45:24
46,831,0,50.2,28.7,172.16.60.31,2018-04-30,14:45:32
46,831,87,49.7,28.7,172.16.60.31,2018-04-30,14:45:40
46,831,0,49.7,28.7,172.16.60.31,2018-04-30,14:45:49
46,831,0,49.7,28.7,172.16.60.31,2018-04-30,14:45:57
47,831,0,49.7,28.7,172.16.60.31,2018-04-30,14:46:04
46,831,2,49.7,28.7,172.16.60.31,2018-04-30,14:46:12
46,831,61,49.7,28.7,172.16.60.31,2018-04-30,14:46:20
46,831,0,49.7,28.7,172.16.60.31,2018-04-30,14:46:28
46,831,0,49.2,28.7,172.16.60.31,2018-04-30,14:46:36
46,831,32,49.2,28.7,172.16.60.31,2018-04-30,14:46:43
46,832,53,49.7,28,172.16.60.31,2018-04-30,14:46:52
46,832,1,49.2,28,172.16.60.31,2018-04-30,14:46:59
46,832,44,49.2,28,172.16.60.31,2018-04-30,14:47:07
46,832,0,48.7,28,172.16.60.31,2018-04-30,14:47:15
46,832,0,48.7,28,172.16.60.31,2018-04-30,14:47:23
46,832,56,48.7,28,172.16.60.31,2018-04-30,14:47:31
47,832,4,48.7,28,172.16.60.31,2018-04-30,14:47:39
47,832,50,48.7,28,172.16.60.31,2018-04-30,14:47:48
46,832,0,48.7,28,172.16.60.31,2018-04-30,14:47:55
46,832,22,48.7,28,172.16.60.31,2018-04-30,14:48:04
47,832,0,48.7,28,172.16.60.31,2018-04-30,14:48:12
48,833,15,48.7,28,172.16.60.31,2018-04-30,14:48:20
49,833,0,48.7,28,172.16.60.31,2018-04-30,14:48:28
0,836,1023,54.6,26.6,10.0.0.23,2018-04-30,14:48:30
49,833,2,48.7,28,172.16.60.31,2018-04-30,14:48:36
163,836,1023,54.6,26.6,10.0.0.23,2018-04-30,14:48:38
49,833,83,48.7,28,172.16.60.31,2018-04-30,14:48:44
168,836,1023,54.6,26.6,10.0.0.23,2018-04-30,14:48:46
50,833,0,48.7,28,172.16.60.31,2018-04-30,14:48:52
178,836,1023,54.1,26.6,10.0.0.23,2018-04-30,14:48:53
50,833,0,48.7,28,172.16.60.31,2018-04-30,14:49:00
177,836,1023,54.6,26.6,10.0.0.23,2018-04-30,14:49:01
50,833,21,48.7,28,172.16.60.31,2018-04-30,14:49:08
172,836,1023,54.1,26.6,10.0.0.23,2018-04-30,14:49:08
50,833,56,48.7,28,172.16.60.31,2018-04-30,14:49:15
173,836,1023,53.6,25.9,10.0.0.23,2018-04-30,14:49:16
51,833,0,48.2,28,172.16.60.31,2018-04-30,14:49:23
174,837,1023,53.6,25.9,10.0.0.23,2018-04-30,14:49:23
174,837,1023,53.6,25.9,10.0.0.23,2018-04-30,14:49:31
51,833,88,48.7,28,172.16.60.31,2018-04-30,14:49:31
175,837,1023,53.6,25.9,10.0.0.23,2018-04-30,14:49:39
52,833,67,48.2,27.3,172.16.60.31,2018-04-30,14:49:40
175,836,1023,53.6,25.9,10.0.0.23,2018-04-30,14:49:46
52,833,38,48.2,27.3,172.16.60.31,2018-04-30,14:49:48
174,836,1023,53.6,26.6,10.0.0.23,2018-04-30,14:49:54
52,833,80,48.2,27.3,172.16.60.31,2018-04-30,14:49:56
176,836,1023,53.6,26.6,10.0.0.23,2018-04-30,14:50:01
52,833,148,48.2,27.3,172.16.60.31,2018-04-30,14:50:04
176,836,1023,53.6,25.9,10.0.0.23,2018-04-30,14:50:09
52,833,41,48.2,27.3,172.16.60.31,2018-04-30,14:50:12
163,836,1023,53.6,26.6,10.0.0.23,2018-04-30,14:50:17
52,833,32,48.2,27.3,172.16.60.31,2018-04-30,14:50:19
164,836,1023,53.1,25.9,10.0.0.23,2018-04-30,14:50:24
52,834,24,48.2,27.3,172.16.60.31,2018-04-30,14:50:27
162,837,1023,53.1,25.9,10.0.0.23,2018-04-30,14:50:32
52,834,0,48.2,27.3,172.16.60.31,2018-04-30,14:50:35
131,837,1023,53.6,25.9,10.0.0.23,2018-04-30,14:50:39
52,834,0,48.2,27.3,172.16.60.31,2018-04-30,14:50:43
158,837,63,53.6,25.9,10.0.0.23,2018-04-30,14:50:47
52,834,0,48.2,27.3,172.16.60.31,2018-04-30,14:50:51
194,836,136,54.6,25.9,10.0.0.23,2018-04-30,14:50:54
52,834,0,48.2,27.3,172.16.60.31,2018-04-30,14:50:59
185,836,93,54.6,26.6,10.0.0.23,2018-04-30,14:51:02
52,834,0,48.2,27.3,172.16.60.31,2018-04-30,14:51:06
252,836,165,53.6,26.6,10.0.0.23,2018-04-30,14:51:10
52,834,0,48.2,27.3,172.16.60.31,2018-04-30,14:51:14
251,836,94,53.1,26.6,10.0.0.23,2018-04-30,14:51:17
52,834,0,48.2,27.3,172.16.60.31,2018-04-30,14:51:22
299,836,94,52.6,26.6,10.0.0.23,2018-04-30,14:51:25
52,834,84,47.7,27.3,172.16.60.31,2018-04-30,14:51:31
144,836,231,53.1,26.6,10.0.0.23,2018-04-30,14:51:32
53,834,0,47.7,27.3,172.16.60.31,2018-04-30,14:51:39
144,836,117,52.1,26.6,10.0.0.23,2018-04-30,14:51:40
52,834,0,47.7,27.3,172.16.60.31,2018-04-30,14:51:46
542,836,130,52.1,26.6,10.0.0.23,2018-04-30,14:51:47
53,834,94,47.7,27.3,172.16.60.31,2018-04-30,14:51:54
224,836,102,52.6,26.6,10.0.0.23,2018-04-30,14:51:55
53,834,0,47.7,27.3,172.16.60.31,2018-04-30,14:52:02
171,836,242,52.6,26.6,10.0.0.23,2018-04-30,14:52:03
170,836,244,52.6,26.6,10.0.0.23,2018-04-30,14:52:10
53,834,19,47.7,27.3,172.16.60.31,2018-04-30,14:52:11
176,836,295,52.1,26.6,10.0.0.23,2018-04-30,14:52:18
53,834,125,47.7,27.3,172.16.60.31,2018-04-30,14:52:20
179,836,325,51.6,26.6,10.0.0.23,2018-04-30,14:52:25
53,834,91,47.7,27.3,172.16.60.31,2018-04-30,14:52:28
179,836,313,51.6,26.6,10.0.0.23,2018-04-30,14:52:33
53,834,81,47.7,27.3,172.16.60.31,2018-04-30,14:52:35
179,836,245,51.6,26.6,10.0.0.23,2018-04-30,14:52:41
53,834,0,47.7,27.3,172.16.60.31,2018-04-30,14:52:43
179,836,107,51.6,26.6,10.0.0.23,2018-04-30,14:52:48
53,834,0,47.2,27.3,172.16.60.31,2018-04-30,14:52:51
179,836,261,51.6,26.6,10.0.0.23,2018-04-30,14:52:56
53,834,0,47.7,27.3,172.16.60.31,2018-04-30,14:52:59
178,836,255,51.6,26.6,10.0.0.23,2018-04-30,14:53:03
53,834,12,47.7,27.3,172.16.60.31,2018-04-30,14:53:07
179,836,177,51.1,26.6,10.0.0.23,2018-04-30,14:53:11
53,834,160,47.2,27.3,172.16.60.31,2018-04-30,14:53:15
179,836,162,51.1,26.6,10.0.0.23,2018-04-30,14:53:19
52,834,42,47.2,27.3,172.16.60.31,2018-04-30,14:53:23
178,836,174,51.1,26.6,10.0.0.23,2018-04-30,14:53:26
53,834,0,47.7,27.3,172.16.60.31,2018-04-30,14:53:32
177,835,278,51.1,26.6,10.0.0.23,2018-04-30,14:53:34
52,834,0,47.2,27.3,172.16.60.31,2018-04-30,14:53:40
177,835,192,51.6,26.6,10.0.0.23,2018-04-30,14:53:41
176,835,277,51.1,26.6,10.0.0.23,2018-04-30,14:53:49
52,834,70,47.2,27.3,172.16.60.31,2018-04-30,14:53:49
174,835,139,51.6,26.6,10.0.0.23,2018-04-30,14:53:56
51,834,133,47.2,27.3,172.16.60.31,2018-04-30,14:53:58
171,835,250,50.7,26.6,10.0.0.23,2018-04-30,14:54:04
50,834,0,47.2,27.3,172.16.60.31,2018-04-30,14:54:06
168,835,205,50.7,26.6,10.0.0.23,2018-04-30,14:54:12
49,834,82,47.2,27.3,172.16.60.31,2018-04-30,14:54:14
166,835,193,50.2,26.6,10.0.0.23,2018-04-30,14:54:19
49,834,46,47.2,27.3,172.16.60.31,2018-04-30,14:54:23
165,835,278,50.2,26.6,10.0.0.23,2018-04-30,14:54:27
48,834,63,47.2,27.3,172.16.60.31,2018-04-30,14:54:32
399,835,104,50.7,26.6,10.0.0.23,2018-04-30,14:54:34
47,834,52,47.2,27.3,172.16.60.31,2018-04-30,14:54:40
166,835,74,50.7,26.6,10.0.0.23,2018-04-30,14:54:42
47,834,25,47.2,27.3,172.16.60.31,2018-04-30,14:54:48
180,835,89,50.2,26.6,10.0.0.23,2018-04-30,14:54:49
47,834,157,46.7,27.3,172.16.60.31,2018-04-30,14:54:56
179,836,73,49.7,26.6,10.0.0.23,2018-04-30,14:54:57
179,836,126,50.2,26.6,10.0.0.23,2018-04-30,14:55:05
47,834,57,46.7,27.3,172.16.60.31,2018-04-30,14:55:06
178,836,83,50.2,26.6,10.0.0.23,2018-04-30,14:55:12
47,835,53,47.2,27.3,172.16.60.31,2018-04-30,14:55:13
178,836,76,50.2,26.6,10.0.0.23,2018-04-30,14:55:20
47,835,44,47.2,27.3,172.16.60.31,2018-04-30,14:55:22
170,836,75,50.2,26.6,10.0.0.23,2018-04-30,14:55:27
47,834,22,47.2,27.3,172.16.60.31,2018-04-30,14:55:31
179,836,100,50.2,26.6,10.0.0.23,2018-04-30,14:55:35
47,835,139,47.2,27.3,172.16.60.31,2018-04-30,14:55:38
177,836,168,50.7,26.6,10.0.0.23,2018-04-30,14:55:43
47,834,56,47.2,27.3,172.16.60.31,2018-04-30,14:55:46
178,836,139,50.2,26.6,10.0.0.23,2018-04-30,14:55:50
48,834,0,46.8,27.3,172.16.60.31,2018-04-30,14:55:54
177,836,56,50.2,26.6,10.0.0.23,2018-04-30,14:55:58
47,834,13,46.8,27.3,172.16.60.31,2018-04-30,14:56:02
173,836,136,50.2,26.6,10.0.0.23,2018-04-30,14:56:05
48,834,62,46.8,27.3,172.16.60.31,2018-04-30,14:56:10
182,836,0,50.2,25.9,10.0.0.23,2018-04-30,14:56:13
50,834,0,46.8,27.3,172.16.60.31,2018-04-30,14:56:18
183,836,176,50.2,25.9,10.0.0.23,2018-04-30,14:56:20
50,834,0,46.2,27.3,172.16.60.31,2018-04-30,14:56:26
185,836,0,50.2,25.9,10.0.0.23,2018-04-30,14:56:28
51,834,0,46.3,27.3,172.16.60.31,2018-04-30,14:56:34
186,836,16,50.2,25.9,10.0.0.23,2018-04-30,14:56:36
51,835,60,46.3,26.6,172.16.60.31,2018-04-30,14:56:42
184,837,65,49.7,25.9,10.0.0.23,2018-04-30,14:56:43
51,835,161,46.2,26.6,172.16.60.31,2018-04-30,14:56:49
185,836,66,49.7,25.9,10.0.0.23,2018-04-30,14:56:51
51,835,0,46.3,26.6,172.16.60.31,2018-04-30,14:56:57
185,837,91,50.2,25.9,10.0.0.23,2018-04-30,14:56:58
50,835,93,46.3,26.6,172.16.60.31,2018-04-30,14:57:05
169,837,91,50.2,25.9,10.0.0.23,2018-04-30,14:57:06
189,837,67,49.7,25.9,10.0.0.23,2018-04-30,14:57:14
51,835,29,46.3,26.6,172.16.60.31,2018-04-30,14:57:14
184,836,152,50.2,25.9,10.0.0.23,2018-04-30,14:57:21
50,835,69,46.3,26.6,172.16.60.31,2018-04-30,14:57:22
184,836,89,50.2,25.9,10.0.0.23,2018-04-30,14:57:29
50,835,11,46.3,26.6,172.16.60.31,2018-04-30,14:57:29
184,837,33,49.7,25.9,10.0.0.23,2018-04-30,14:57:36
49,835,0,46.2,26.6,172.16.60.31,2018-04-30,14:57:39
182,837,141,49.7,25.9,10.0.0.23,2018-04-30,14:57:44
49,835,0,45.8,26.6,172.16.60.31,2018-04-30,14:57:47
181,837,89,49.7,25.9,10.0.0.23,2018-04-30,14:57:51
49,835,39,46.2,26.6,172.16.60.31,2018-04-30,14:57:56
179,837,149,49.7,25.9,10.0.0.23,2018-04-30,14:57:59
48,835,152,46.3,26.6,172.16.60.31,2018-04-30,14:58:04
180,837,0,49.7,25.9,10.0.0.23,2018-04-30,14:58:07
49,835,27,45.8,26.6,172.16.60.31,2018-04-30,14:58:12
180,837,76,49.2,25.9,10.0.0.23,2018-04-30,14:58:14
50,835,15,46.3,26.6,172.16.60.31,2018-04-30,14:58:21
181,837,0,49.7,25.9,10.0.0.23,2018-04-30,14:58:22
181,837,0,49.2,25.9,10.0.0.23,2018-04-30,14:58:29
49,835,95,45.8,26.6,172.16.60.31,2018-04-30,14:58:29
161,837,143,49.7,25.9,10.0.0.23,2018-04-30,14:58:37
50,835,37,45.8,26.6,172.16.60.31,2018-04-30,14:58:38
160,837,128,49.7,25.9,10.0.0.23,2018-04-30,14:58:44
50,835,115,45.8,26.6,172.16.60.31,2018-04-30,14:58:46
185,837,80,49.7,25.9,10.0.0.23,2018-04-30,14:58:52
51,835,0,45.8,26.6,172.16.60.31,2018-04-30,14:58:54
186,837,65,49.7,25.9,10.0.0.23,2018-04-30,14:59:00
52,835,82,45.8,26.6,172.16.60.31,2018-04-30,14:59:02
186,837,11,49.7,25.9,10.0.0.23,2018-04-30,14:59:07
51,835,36,45.8,26.6,172.16.60.31,2018-04-30,14:59:11
187,837,0,49.2,25.9,10.0.0.23,2018-04-30,14:59:15
51,835,44,45.8,26.6,172.16.60.31,2018-04-30,14:59:19
187,837,0,49.2,25.9,10.0.0.23,2018-04-30,14:59:22
51,835,58,45.8,26.6,172.16.60.31,2018-04-30,14:59:26
186,837,169,49.2,25.9,10.0.0.23,2018-04-30,14:59:30
51,835,63,45.8,26.6,172.16.60.31,2018-04-30,14:59:34
170,837,155,49.2,25.9,10.0.0.23,2018-04-30,14:59:38
52,835,46,45.8,26.6,172.16.60.31,2018-04-30,14:59:42
174,837,95,49.2,25.9,10.0.0.23,2018-04-30,14:59:45
51,835,53,45.8,26.6,172.16.60.31,2018-04-30,14:59:50
193,837,161,49.2,25.9,10.0.0.23,2018-04-30,14:59:53
51,835,102,45.8,26.6,172.16.60.31,2018-04-30,14:59:59
193,837,102,48.7,25.9,10.0.0.23,2018-04-30,15:00:00
51,835,40,45.8,26.6,172.16.60.31,2018-04-30,15:00:07
193,837,4,48.7,25.9,10.0.0.23,2018-04-30,15:00:08
194,837,68,49.2,25.9,10.0.0.23,2018-04-30,15:00:16
29,835,163,45.8,26.6,172.16.60.31,2018-04-30,15:00:16
193,837,70,49.2,25.9,10.0.0.23,2018-04-30,15:00:23
40,835,123,45.8,26.6,172.16.60.31,2018-04-30,15:00:23
194,837,84,49.2,25.9,10.0.0.23,2018-04-30,15:00:31
23,835,877,45.8,26.6,172.16.60.31,2018-04-30,15:00:31
194,837,19,49.2,25.9,10.0.0.23,2018-04-30,15:00:38
50,835,0,45.8,26.6,172.16.60.31,2018-04-30,15:00:38
196,837,40,49.2,25.9,10.0.0.23,2018-04-30,15:00:46
51,835,95,45.8,26.6,172.16.60.31,2018-04-30,15:00:47
196,837,100,49.2,25.9,10.0.0.23,2018-04-30,15:00:53
51,835,11,45.3,26.6,172.16.60.31,2018-04-30,15:00:54
195,837,0,49.2,25.9,10.0.0.23,2018-04-30,15:01:01
53,835,40,45.3,26.6,172.16.60.31,2018-04-30,15:01:03
195,837,255,49.2,25.9,10.0.0.23,2018-04-30,15:01:09
53,835,88,45.3,26.6,172.16.60.31,2018-04-30,15:01:10
193,837,41,49.2,25.9,10.0.0.23,2018-04-30,15:01:16
53,835,32,45.3,26.6,172.16.60.31,2018-04-30,15:01:18
194,837,129,48.7,25.9,10.0.0.23,2018-04-30,15:01:24
53,835,73,45.3,26.6,172.16.60.31,2018-04-30,15:01:26
195,837,52,48.7,25.9,10.0.0.23,2018-04-30,15:01:31
53,835,54,45.3,26.6,172.16.60.31,2018-04-30,15:01:34
195,837,0,48.7,25.9,10.0.0.23,2018-04-30,15:01:39
53,835,27,45.3,26.6,172.16.60.31,2018-04-30,15:01:42
194,837,120,48.7,25.9,10.0.0.23,2018-04-30,15:01:47
53,835,96,45.3,26.6,172.16.60.31,2018-04-30,15:01:49
194,837,98,48.7,25.9,10.0.0.23,2018-04-30,15:01:54
53,835,20,45.3,26.6,172.16.60.31,2018-04-30,15:01:57
194,837,100,48.7,25.9,10.0.0.23,2018-04-30,15:02:02
52,835,0,45.3,26.6,172.16.60.31,2018-04-30,15:02:06
194,837,100,48.7,25.9,10.0.0.23,2018-04-30,15:02:09
53,835,42,45.3,26.6,172.16.60.31,2018-04-30,15:02:13
195,837,33,48.7,25.9,10.0.0.23,2018-04-30,15:02:17
52,835,0,45.3,26.6,172.16.60.31,2018-04-30,15:02:21
195,837,56,48.7,25.9,10.0.0.23,2018-04-30,15:02:24
52,835,22,45.3,26.6,172.16.60.31,2018-04-30,15:02:29
195,837,25,48.7,25.9,10.0.0.23,2018-04-30,15:02:32
52,835,0,45.8,26.6,172.16.60.31,2018-04-30,15:02:37
194,837,3,48.7,25.9,10.0.0.23,2018-04-30,15:02:40
53,835,32,45.3,26.6,172.16.60.31,2018-04-30,15:02:44
195,837,5,48.7,25.9,10.0.0.23,2018-04-30,15:02:47
53,835,65,45.3,26.6,172.16.60.31,2018-04-30,15:02:53
195,837,29,48.2,25.9,10.0.0.23,2018-04-30,15:02:55
53,835,1,44.8,26.6,172.16.60.31,2018-04-30,15:03:01
195,838,27,48.2,25.9,10.0.0.23,2018-04-30,15:03:02
53,835,0,44.8,26.6,172.16.60.31,2018-04-30,15:03:09
196,838,75,48.2,25.9,10.0.0.23,2018-04-30,15:03:10
52,835,46,44.8,26.6,172.16.60.31,2018-04-30,15:03:17
195,838,50,48.2,25.9,10.0.0.23,2018-04-30,15:03:17
53,835,0,44.8,26.6,172.16.60.31,2018-04-30,15:03:24
195,838,6,48.7,25.9,10.0.0.23,2018-04-30,15:03:25
53,835,76,44.8,26.6,172.16.60.31,2018-04-30,15:03:32
196,838,41,48.7,25.9,10.0.0.23,2018-04-30,15:03:33
195,838,0,48.7,25.9,10.0.0.23,2018-04-30,15:03:40
53,835,0,44.8,26.6,172.16.60.31,2018-04-30,15:03:40
197,838,155,48.7,25.9,10.0.0.23,2018-04-30,15:03:48
53,835,69,44.8,26.6,172.16.60.31,2018-04-30,15:03:48
197,838,57,48.2,25.9,10.0.0.23,2018-04-30,15:03:55
53,835,129,44.8,26.6,172.16.60.31,2018-04-30,15:03:57
197,838,34,48.2,25.9,10.0.0.23,2018-04-30,15:04:03
53,835,57,44.8,26.6,172.16.60.31,2018-04-30,15:04:04
196,838,97,48.2,25.9,10.0.0.23,2018-04-30,15:04:10
53,835,0,44.8,26.6,172.16.60.31,2018-04-30,15:04:13
194,838,135,48.2,25.9,10.0.0.23,2018-04-30,15:04:18
53,835,77,44.8,26.6,172.16.60.31,2018-04-30,15:04:21
195,838,109,48.2,25.9,10.0.0.23,2018-04-30,15:04:26
53,835,0,44.8,26.6,172.16.60.31,2018-04-30,15:04:29
192,838,181,48.2,25.9,10.0.0.23,2018-04-30,15:04:33
53,835,67,44.8,26.6,172.16.60.31,2018-04-30,15:04:36
191,838,80,48.2,25.9,10.0.0.23,2018-04-30,15:04:41
53,835,93,44.3,26.6,172.16.60.31,2018-04-30,15:04:44
191,838,101,48.2,25.9,10.0.0.23,2018-04-30,15:04:48
53,835,40,44.8,26.6,172.16.60.31,2018-04-30,15:04:53
191,838,127,48.2,25.9,10.0.0.23,2018-04-30,15:04:56
53,835,0,44.3,26.6,172.16.60.31,2018-04-30,15:05:01
191,838,153,48.2,25.9,10.0.0.23,2018-04-30,15:05:04
53,835,123,44.3,26.6,172.16.60.31,2018-04-30,15:05:09
191,838,59,48.2,25.9,10.0.0.23,2018-04-30,15:05:11
52,835,83,44.3,26.6,172.16.60.31,2018-04-30,15:05:16
191,838,34,48.2,25.9,10.0.0.23,2018-04-30,15:05:19
52,835,0,44.3,26.6,172.16.60.31,2018-04-30,15:05:25
191,838,39,47.7,25.9,10.0.0.23,2018-04-30,15:05:26
52,835,92,44.3,26.6,172.16.60.31,2018-04-30,15:05:33
190,838,7,47.7,25.9,10.0.0.23,2018-04-30,15:05:34
52,835,50,44.3,26.6,172.16.60.31,2018-04-30,15:05:41
191,838,115,47.7,25.9,10.0.0.23,2018-04-30,15:05:41
52,835,24,44.3,26.6,172.16.60.31,2018-04-30,15:05:48
190,838,114,47.7,25.9,10.0.0.23,2018-04-30,15:05:49
53,835,130,44.3,26.6,172.16.60.31,2018-04-30,15:05:56
189,838,94,48.2,25.9,10.0.0.23,2018-04-30,15:05:57
190,838,233,48.2,25.2,10.0.0.23,2018-04-30,15:06:04
52,835,97,44.3,26.6,172.16.60.31,2018-04-30,15:06:04
190,838,104,48.2,25.2,10.0.0.23,2018-04-30,15:06:12
52,835,26,44.3,26.6,172.16.60.31,2018-04-30,15:06:12
190,838,43,48.2,25.2,10.0.0.23,2018-04-30,15:06:19
52,835,102,44.3,26.6,172.16.60.31,2018-04-30,15:06:20
190,838,35,48.2,25.2,10.0.0.23,2018-04-30,15:06:27
52,835,106,44.3,26.6,172.16.60.31,2018-04-30,15:06:27
190,838,137,48.2,25.2,10.0.0.23,2018-04-30,15:06:35
52,835,43,43.8,26.6,172.16.60.31,2018-04-30,15:06:35
188,838,179,47.7,25.2,10.0.0.23,2018-04-30,15:06:42
52,835,48,43.8,26.6,172.16.60.31,2018-04-30,15:06:43
170,838,65,47.7,25.2,10.0.0.23,2018-04-30,15:06:50
52,835,67,43.8,26.6,172.16.60.31,2018-04-30,15:06:50
1444,838,1023,48.2,25.9,10.0.0.23,2018-04-30,15:06:58
53,835,0,43.8,26.6,172.16.60.31,2018-04-30,15:06:59
51,835,0,43.8,26.6,172.16.60.31,2018-04-30,15:07:06
9822,837,0,49.7,25.9,10.0.0.23,2018-04-30,15:07:07
52,835,93,43.8,26.6,172.16.60.31,2018-04-30,15:07:14
11633,835,0,51.1,26.6,10.0.0.23,2018-04-30,15:07:15
51,835,110,43.8,26.6,172.16.60.31,2018-04-30,15:07:21
11632,833,4,50.2,28,10.0.0.23,2018-04-30,15:07:22
52,836,7,43.8,26.6,172.16.60.31,2018-04-30,15:07:29
11627,832,0,48.7,28,10.0.0.23,2018-04-30,15:07:30
11623,830,0,47.7,28.7,10.0.0.23,2018-04-30,15:07:37
52,836,155,43.8,26.6,172.16.60.31,2018-04-30,15:07:38
11625,829,0,47.2,29.3,10.0.0.23,2018-04-30,15:07:45
52,835,0,43.8,26.6,172.16.60.31,2018-04-30,15:07:46
11620,828,0,46.7,29.3,10.0.0.23,2018-04-30,15:07:53
51,835,0,43.8,26.6,172.16.60.31,2018-04-30,15:07:55
11617,828,0,46.3,29.3,10.0.0.23,2018-04-30,15:08:01
51,836,0,43.8,26.6,172.16.60.31,2018-04-30,15:08:04
11618,827,0,45.8,30,10.0.0.23,2018-04-30,15:08:08
51,836,111,43.8,26.6,172.16.60.31,2018-04-30,15:08:12
11623,827,0,44.3,30,10.0.0.23,2018-04-30,15:08:16
52,835,114,43.8,26.6,172.16.60.31,2018-04-30,15:08:19
11621,826,0,43.3,30,10.0.0.23,2018-04-30,15:08:24
52,836,0,44.3,26.6,172.16.60.31,2018-04-30,15:08:27
11622,826,0,42.9,30,10.0.0.23,2018-04-30,15:08:31
52,835,38,44.3,26.6,172.16.60.31,2018-04-30,15:08:35
11623,825,0,42.8,30.7,10.0.0.23,2018-04-30,15:08:39
51,836,0,43.8,26.6,172.16.60.31,2018-04-30,15:08:43
11628,825,0,43.3,30.7,10.0.0.23,2018-04-30,15:08:46
51,836,63,43.8,26.6,172.16.60.31,2018-04-30,15:08:51
11629,825,0,43.3,30.7,10.0.0.23,2018-04-30,15:08:54
51,835,12,43.8,26.6,172.16.60.31,2018-04-30,15:08:58
11627,824,0,42.4,31.4,10.0.0.23,2018-04-30,15:09:02
51,836,107,43.8,26.6,172.16.60.31,2018-04-30,15:09:06
11625,824,0,41.4,31.4,10.0.0.23,2018-04-30,15:09:09
51,835,67,43.8,26.6,172.16.60.31,2018-04-30,15:09:14
11627,824,0,40.9,31.4,10.0.0.23,2018-04-30,15:09:17
51,835,104,43.8,26.6,172.16.60.31,2018-04-30,15:09:21
11634,823,0,41.4,31.4,10.0.0.23,2018-04-30,15:09:24
51,835,2,43.8,26.6,172.16.60.31,2018-04-30,15:09:29
11652,823,0,41.4,31.4,10.0.0.23,2018-04-30,15:09:32
51,836,84,43.8,26.6,172.16.60.31,2018-04-30,15:09:37
11665,823,0,41.4,31.4,10.0.0.23,2018-04-30,15:09:40
51,836,68,43.8,26.6,172.16.60.31,2018-04-30,15:09:44
11687,822,0,40.9,32.1,10.0.0.23,2018-04-30,15:09:47
51,836,41,43.8,26.6,172.16.60.31,2018-04-30,15:09:53
11706,822,0,40.4,32.1,10.0.0.23,2018-04-30,15:09:55
51,835,0,43.8,26.6,172.16.60.31,2018-04-30,15:10:02
11719,822,0,38.9,32.1,10.0.0.23,2018-04-30,15:10:02
11731,822,0,39.4,32.1,10.0.0.23,2018-04-30,15:10:10
51,836,3,43.3,26.6,172.16.60.31,2018-04-30,15:10:11
11741,822,0,39.9,32.1,10.0.0.23,2018-04-30,15:10:18
52,836,98,43.8,26.6,172.16.60.31,2018-04-30,15:10:18
11745,822,12,38.9,32.1,10.0.0.23,2018-04-30,15:10:25
52,836,34,43.8,26.6,172.16.60.31,2018-04-30,15:10:27
11750,822,0,38.9,32.1,10.0.0.23,2018-04-30,15:10:33
52,836,0,43.8,26.6,172.16.60.31,2018-04-30,15:10:34
11753,822,0,38,32.1,10.0.0.23,2018-04-30,15:10:41
52,836,0,43.8,26.6,172.16.60.31,2018-04-30,15:10:42
11753,821,0,38.9,32.1,10.0.0.23,2018-04-30,15:10:48
52,836,0,43.8,26.6,172.16.60.31,2018-04-30,15:10:50
11764,821,0,40.9,32.1,10.0.0.23,2018-04-30,15:10:56
52,836,2,43.8,26.6,172.16.60.31,2018-04-30,15:10:58
11768,821,0,39.9,32.8,10.0.0.23,2018-04-30,15:11:03
52,836,41,43.3,26.6,172.16.60.31,2018-04-30,15:11:06
11773,821,25,38.5,32.8,10.0.0.23,2018-04-30,15:11:11
52,836,78,43.3,26.6,172.16.60.31,2018-04-30,15:11:14
11781,820,0,38.4,32.8,10.0.0.23,2018-04-30,15:11:19
52,836,83,43.3,26.6,172.16.60.31,2018-04-30,15:11:21
11792,820,0,39.4,32.8,10.0.0.23,2018-04-30,15:11:26
52,836,0,43.3,26.6,172.16.60.31,2018-04-30,15:11:29
11805,820,0,38.5,32.8,10.0.0.23,2018-04-30,15:11:34
52,836,29,43.3,26.6,172.16.60.31,2018-04-30,15:11:37
11820,820,0,37.5,32.8,10.0.0.23,2018-04-30,15:11:41
52,836,4,43.3,26.6,172.16.60.31,2018-04-30,15:11:44
11836,820,0,37,32.8,10.0.0.23,2018-04-30,15:11:49
52,836,0,43.3,26.6,172.16.60.31,2018-04-30,15:11:52
11849,820,0,37.5,32.8,10.0.0.23,2018-04-30,15:11:57
52,836,0,43.3,26.6,172.16.60.31,2018-04-30,15:12:00
11859,820,0,37.9,32.8,10.0.0.23,2018-04-30,15:12:04
52,836,0,43.3,26.6,172.16.60.31,2018-04-30,15:12:07
11873,820,44,37.9,32.8,10.0.0.23,2018-04-30,15:12:12
52,836,0,43.3,26.6,172.16.60.31,2018-04-30,15:12:15
11888,820,0,37.9,32.8,10.0.0.23,2018-04-30,15:12:19
52,836,21,43.3,26.6,172.16.60.31,2018-04-30,15:12:23
11902,820,0,37.5,32.8,10.0.0.23,2018-04-30,15:12:27
52,836,117,43.3,25.9,172.16.60.31,2018-04-30,15:12:30
11913,820,0,37.5,32.8,10.0.0.23,2018-04-30,15:12:35
52,836,101,43.3,25.9,172.16.60.31,2018-04-30,15:12:38
11919,820,0,37.5,32.8,10.0.0.23,2018-04-30,15:12:42
52,836,55,43.3,25.9,172.16.60.31,2018-04-30,15:12:45
11923,820,0,37.5,32.8,10.0.0.23,2018-04-30,15:12:50
52,836,0,43.3,25.9,172.16.60.31,2018-04-30,15:12:53
11923,820,0,38.9,32.8,10.0.0.23,2018-04-30,15:12:57
52,836,54,43.3,26.6,172.16.60.31,2018-04-30,15:13:00
11921,819,0,40.4,32.8,10.0.0.23,2018-04-30,15:13:05
52,836,42,43.8,26.6,172.16.60.31,2018-04-30,15:13:08
11919,819,0,40.9,33.5,10.0.0.23,2018-04-30,15:13:12
52,836,0,43.3,26.6,172.16.60.31,2018-04-30,15:13:16
11919,819,0,40.9,33.5,10.0.0.23,2018-04-30,15:13:20
52,836,0,43.3,26.6,172.16.60.31,2018-04-30,15:13:23
11919,819,0,40.9,33.5,10.0.0.23,2018-04-30,15:13:28
51,836,79,43.3,26.6,172.16.60.31,2018-04-30,15:13:31
11921,819,0,40.9,33.5,10.0.0.23,2018-04-30,15:13:35
52,836,29,43.3,26.6,172.16.60.31,2018-04-30,15:13:38
11920,818,0,40.9,33.5,10.0.0.23,2018-04-30,15:13:43
52,836,80,43.3,26.6,172.16.60.31,2018-04-30,15:13:46
11924,818,0,40.4,33.5,10.0.0.23,2018-04-30,15:13:50
52,836,6,43.3,26.6,172.16.60.31,2018-04-30,15:13:53
11926,818,0,40.4,33.5,10.0.0.23,2018-04-30,15:13:58
52,836,0,43.3,26.6,172.16.60.31,2018-04-30,15:14:01
11931,818,0,40.4,33.5,10.0.0.23,2018-04-30,15:14:06
52,836,66,43.3,26.6,172.16.60.31,2018-04-30,15:14:09
11938,818,0,39.9,33.5,10.0.0.23,2018-04-30,15:14:14
52,836,59,43.3,26.6,172.16.60.31,2018-04-30,15:14:16
11946,817,0,39.4,33.5,10.0.0.23,2018-04-30,15:14:22
52,836,0,43.3,26.6,172.16.60.31,2018-04-30,15:14:24
11949,818,0,37,33.5,10.0.0.23,2018-04-30,15:14:29
47,836,151,43.3,26.6,172.16.60.31,2018-04-30,15:14:31
11954,817,0,38.5,34.1,10.0.0.23,2018-04-30,15:14:37
51,836,178,43.3,26.6,172.16.60.31,2018-04-30,15:14:39
11954,817,0,38.5,34.1,10.0.0.23,2018-04-30,15:14:44
53,836,79,43.3,26.6,172.16.60.31,2018-04-30,15:14:46
11953,817,0,38.4,34.1,10.0.0.23,2018-04-30,15:14:52
53,836,52,43.3,25.9,172.16.60.31,2018-04-30,15:14:55
11949,817,0,38,34.1,10.0.0.23,2018-04-30,15:15:00
53,836,34,43.3,25.9,172.16.60.31,2018-04-30,15:15:02
11943,818,0,37.5,34.1,10.0.0.23,2018-04-30,15:15:07
53,836,124,42.8,25.9,172.16.60.31,2018-04-30,15:15:10
11938,818,116,36.5,34.1,10.0.0.23,2018-04-30,15:15:15
53,836,16,43.3,25.9,172.16.60.31,2018-04-30,15:15:18
11937,817,0,38.4,34.1,10.0.0.23,2018-04-30,15:15:23
54,836,91,43.3,25.9,172.16.60.31,2018-04-30,15:15:26
11933,817,17,39.4,34.1,10.0.0.23,2018-04-30,15:15:30
54,836,7,43.3,26.6,172.16.60.31,2018-04-30,15:15:33
11933,817,1,38.4,34.1,10.0.0.23,2018-04-30,15:15:38
54,836,0,43.3,25.9,172.16.60.31,2018-04-30,15:15:42
11926,817,0,36.5,34.1,10.0.0.23,2018-04-30,15:15:46
54,836,23,43.3,26.6,172.16.60.31,2018-04-30,15:15:51
11921,817,0,36,34.1,10.0.0.23,2018-04-30,15:15:53
54,836,0,42.8,26.6,172.16.60.31,2018-04-30,15:15:59
11917,817,0,37,34.1,10.0.0.23,2018-04-30,15:16:01
53,836,7,42.8,26.6,172.16.60.31,2018-04-30,15:16:07
11912,817,59,37.5,34.1,10.0.0.23,2018-04-30,15:16:08
53,836,59,42.9,26.6,172.16.60.31,2018-04-30,15:16:15
11904,817,0,38.4,34.1,10.0.0.23,2018-04-30,15:16:16
53,836,0,42.8,26.6,172.16.60.31,2018-04-30,15:16:22
11894,817,0,38.9,34.1,10.0.0.23,2018-04-30,15:16:23
53,836,0,42.8,26.6,172.16.60.31,2018-04-30,15:16:31
11882,817,0,37,34.1,10.0.0.23,2018-04-30,15:16:31
53,836,0,42.8,26.6,172.16.60.31,2018-04-30,15:16:38
11867,817,0,37.5,34.1,10.0.0.23,2018-04-30,15:16:39
53,836,53,42.8,26.6,172.16.60.31,2018-04-30,15:16:46
11840,817,0,36.5,34.1,10.0.0.23,2018-04-30,15:16:46
52,836,0,42.8,26.6,172.16.60.31,2018-04-30,15:16:54
11810,817,0,37,34.1,10.0.0.23,2018-04-30,15:16:54
52,836,20,42.8,25.9,172.16.60.31,2018-04-30,15:17:01
11786,817,0,37,34.1,10.0.0.23,2018-04-30,15:17:02
52,836,0,42.8,25.9,172.16.60.31,2018-04-30,15:17:09
11760,817,0,38,34.1,10.0.0.23,2018-04-30,15:17:09
11762,817,0,38.5,34.1,10.0.0.23,2018-04-30,15:17:17
53,836,133,42.9,25.9,172.16.60.31,2018-04-30,15:17:17
11752,817,0,38.5,34.1,10.0.0.23,2018-04-30,15:17:24
52,836,53,42.8,25.9,172.16.60.31,2018-04-30,15:17:26
11769,817,0,37,34.1,10.0.0.23,2018-04-30,15:17:32
53,836,23,42.8,25.9,172.16.60.31,2018-04-30,15:17:34
11777,817,0,36,34.1,10.0.0.23,2018-04-30,15:17:40
54,836,0,42.8,25.9,172.16.60.31,2018-04-30,15:17:42
11782,817,0,36,34.1,10.0.0.23,2018-04-30,15:17:47
53,836,85,42.8,25.9,172.16.60.31,2018-04-30,15:17:50
11783,817,0,37.5,34.1,10.0.0.23,2018-04-30,15:17:55
53,836,94,42.8,25.9,172.16.60.31,2018-04-30,15:17:57
11783,817,0,38.9,34.1,10.0.0.23,2018-04-30,15:18:02
53,836,60,42.8,25.9,172.16.60.31,2018-04-30,15:18:06
11781,817,0,37.5,34.1,10.0.0.23,2018-04-30,15:18:10
53,836,65,42.8,25.9,172.16.60.31,2018-04-30,15:18:13
11773,817,0,36,34.1,10.0.0.23,2018-04-30,15:18:18
53,836,0,43.3,25.9,172.16.60.31,2018-04-30,15:18:21
11763,817,2,36,34.1,10.0.0.23,2018-04-30,15:18:25
53,836,1,43.3,25.9,172.16.60.31,2018-04-30,15:18:30
11747,818,0,36.5,33.5,10.0.0.23,2018-04-30,15:18:33
53,836,36,42.8,25.9,172.16.60.31,2018-04-30,15:18:38
11736,818,0,37,33.5,10.0.0.23,2018-04-30,15:18:41
54,836,39,42.8,25.9,172.16.60.31,2018-04-30,15:18:46
11733,818,0,37,33.5,10.0.0.23,2018-04-30,15:18:48
53,836,6,42.8,25.9,172.16.60.31,2018-04-30,15:18:53
11731,818,0,36.5,33.5,10.0.0.23,2018-04-30,15:18:56
53,836,89,42.8,25.9,172.16.60.31,2018-04-30,15:19:01
11741,818,0,36.5,33.5,10.0.0.23,2018-04-30,15:19:03
53,837,33,42.9,25.9,172.16.60.31,2018-04-30,15:19:09
11750,818,0,37,33.5,10.0.0.23,2018-04-30,15:19:11
53,837,4,42.8,25.9,172.16.60.31,2018-04-30,15:19:18
11758,818,15,36,33.5,10.0.0.23,2018-04-30,15:19:19
11765,818,56,38,33.5,10.0.0.23,2018-04-30,15:19:26
53,837,50,42.9,25.9,172.16.60.31,2018-04-30,15:19:26
11771,818,0,37.9,33.5,10.0.0.23,2018-04-30,15:19:34
53,837,109,42.9,25.9,172.16.60.31,2018-04-30,15:19:34
11776,817,0,39.4,34.1,10.0.0.23,2018-04-30,15:19:41
53,837,36,43.3,25.9,172.16.60.31,2018-04-30,15:19:42
11783,817,0,39.9,34.1,10.0.0.23,2018-04-30,15:19:49
53,837,111,43.3,25.9,172.16.60.31,2018-04-30,15:19:50
11782,817,0,38.4,34.1,10.0.0.23,2018-04-30,15:19:56
53,836,0,43.3,25.9,172.16.60.31,2018-04-30,15:19:58
11780,817,0,39.4,34.1,10.0.0.23,2018-04-30,15:20:04
54,837,34,42.9,25.9,172.16.60.31,2018-04-30,15:20:06
11775,817,0,38,34.1,10.0.0.23,2018-04-30,15:20:12
53,836,53,42.8,25.9,172.16.60.31,2018-04-30,15:20:14
11773,817,0,38.4,34.1,10.0.0.23,2018-04-30,15:20:19
53,837,0,42.8,25.9,172.16.60.31,2018-04-30,15:20:22
11772,817,0,39.4,34.1,10.0.0.23,2018-04-30,15:20:27
53,837,22,42.8,25.9,172.16.60.31,2018-04-30,15:20:31
11773,817,0,39.4,34.1,10.0.0.23,2018-04-30,15:20:34
54,837,0,42.8,25.9,172.16.60.31,2018-04-30,15:20:39
11766,817,0,38,34.1,10.0.0.23,2018-04-30,15:20:42
54,837,58,42.8,25.9,172.16.60.31,2018-04-30,15:20:48
11759,817,0,36,34.1,10.0.0.23,2018-04-30,15:20:50
53,836,4,42.9,25.9,172.16.60.31,2018-04-30,15:20:56
11745,817,0,35.5,34.1,10.0.0.23,2018-04-30,15:20:57
53,837,0,42.8,25.9,172.16.60.31,2018-04-30,15:21:04
11732,817,0,35.5,34.1,10.0.0.23,2018-04-30,15:21:05
52,837,38,42.8,25.9,172.16.60.31,2018-04-30,15:21:12
11703,817,0,37,34.1,10.0.0.23,2018-04-30,15:21:12
52,837,0,42.8,25.9,172.16.60.31,2018-04-30,15:21:20
11708,818,0,38,34.1,10.0.0.23,2018-04-30,15:21:20
52,837,57,42.8,25.9,172.16.60.31,2018-04-30,15:21:27
11723,818,0,36.5,33.5,10.0.0.23,2018-04-30,15:21:28
11729,818,0,38.5,34.1,10.0.0.23,2018-04-30,15:21:35
53,837,40,42.8,25.9,172.16.60.31,2018-04-30,15:21:36
11736,817,0,38.9,34.1,10.0.0.23,2018-04-30,15:21:43
53,837,67,42.8,25.9,172.16.60.31,2018-04-30,15:21:44
11735,817,3,38.9,34.1,10.0.0.23,2018-04-30,15:21:51
53,837,30,42.8,25.9,172.16.60.31,2018-04-30,15:21:51
11748,817,0,39.9,34.1,10.0.0.23,2018-04-30,15:21:58
53,837,0,42.8,25.9,172.16.60.31,2018-04-30,15:21:59
11756,817,0,40.4,34.1,10.0.0.23,2018-04-30,15:22:06
53,837,156,42.8,25.9,172.16.60.31,2018-04-30,15:22:07
11762,817,0,40.4,34.1,10.0.0.23,2018-04-30,15:22:13
54,837,31,42.8,25.9,172.16.60.31,2018-04-30,15:22:14
11760,817,0,39.9,34.1,10.0.0.23,2018-04-30,15:22:21
54,837,0,42.8,25.9,172.16.60.31,2018-04-30,15:22:23
11760,817,0,38.9,34.1,10.0.0.23,2018-04-30,15:22:28
54,837,88,42.8,25.9,172.16.60.31,2018-04-30,15:22:31
11761,817,0,37,34.1,10.0.0.23,2018-04-30,15:22:36
53,837,16,42.8,25.9,172.16.60.31,2018-04-30,15:22:39
11769,817,0,37.9,34.1,10.0.0.23,2018-04-30,15:22:44
54,837,10,42.8,25.9,172.16.60.31,2018-04-30,15:22:47
11768,817,0,36,34.1,10.0.0.23,2018-04-30,15:22:51
54,837,0,42.8,25.9,172.16.60.31,2018-04-30,15:22:55
11767,818,0,35.5,33.5,10.0.0.23,2018-04-30,15:22:59
54,837,0,42.8,25.9,172.16.60.31,2018-04-30,15:23:03
11767,818,0,35.5,33.5,10.0.0.23,2018-04-30,15:23:06
54,837,4,42.8,25.9,172.16.60.31,2018-04-30,15:23:12
11766,818,0,36,33.5,10.0.0.23,2018-04-30,15:23:14
53,837,0,42.8,25.9,172.16.60.31,2018-04-30,15:23:19
11765,818,0,36,33.5,10.0.0.23,2018-04-30,15:23:22
53,836,0,42.8,25.9,172.16.60.31,2018-04-30,15:23:27
11765,818,0,38,33.5,10.0.0.23,2018-04-30,15:23:29
53,837,79,42.9,25.9,172.16.60.31,2018-04-30,15:23:35
11767,818,0,37,33.5,10.0.0.23,2018-04-30,15:23:37
53,837,21,42.8,25.9,172.16.60.31,2018-04-30,15:23:43
11764,818,0,36.5,33.5,10.0.0.23,2018-04-30,15:23:44
54,837,73,42.8,25.9,172.16.60.31,2018-04-30,15:23:50
11763,819,0,35.5,33.5,10.0.0.23,2018-04-30,15:23:52
54,837,61,42.8,25.9,172.16.60.31,2018-04-30,15:23:58
11767,819,0,36,33.5,10.0.0.23,2018-04-30,15:24:00
54,837,37,42.8,25.9,172.16.60.31,2018-04-30,15:24:07
11772,818,0,38,33.5,10.0.0.23,2018-04-30,15:24:07
54,837,37,42.8,25.9,172.16.60.31,2018-04-30,15:24:14
11780,818,0,39.4,33.5,10.0.0.23,2018-04-30,15:24:15
54,836,92,42.9,25.9,172.16.60.31,2018-04-30,15:24:22
11785,818,0,40.4,33.5,10.0.0.23,2018-04-30,15:24:23
54,837,152,42.4,25.9,172.16.60.31,2018-04-30,15:24:30
11789,818,0,40.9,33.5,10.0.0.23,2018-04-30,15:24:30
11795,818,0,40.9,33.5,10.0.0.23,2018-04-30,15:24:38
54,837,64,42.4,25.9,172.16.60.31,2018-04-30,15:24:38
11801,817,0,40.4,34.1,10.0.0.23,2018-04-30,15:24:45
54,837,4,42.9,25.9,172.16.60.31,2018-04-30,15:24:46
11809,817,0,38.9,34.1,10.0.0.23,2018-04-30,15:24:53
53,837,96,42.9,25.9,172.16.60.31,2018-04-30,15:24:53
11815,817,0,38.5,34.1,10.0.0.23,2018-04-30,15:25:00
53,837,46,42.9,25.9,172.16.60.31,2018-04-30,15:25:02
11821,817,0,38.4,34.1,10.0.0.23,2018-04-30,15:25:08
54,836,53,42.8,25.9,172.16.60.31,2018-04-30,15:25:11
11829,817,0,39.4,34.1,10.0.0.23,2018-04-30,15:25:16
54,836,5,42.8,25.9,172.16.60.31,2018-04-30,15:25:19
11835,817,3,38.9,34.1,10.0.0.23,2018-04-30,15:25:23
53,836,89,42.8,25.9,172.16.60.31,2018-04-30,15:25:26
11842,817,0,39.4,34.1,10.0.0.23,2018-04-30,15:25:31
54,836,36,42.8,25.9,172.16.60.31,2018-04-30,15:25:34
11846,817,0,39.4,34.1,10.0.0.23,2018-04-30,15:25:39
54,836,116,42.3,25.9,172.16.60.31,2018-04-30,15:25:42
11850,817,0,39.4,34.1,10.0.0.23,2018-04-30,15:25:46
53,836,115,42.4,25.9,172.16.60.31,2018-04-30,15:25:49
11854,817,0,39.4,34.1,10.0.0.23,2018-04-30,15:25:54
54,837,0,42.4,25.9,172.16.60.31,2018-04-30,15:25:57
11856,817,0,38.9,34.1,10.0.0.23,2018-04-30,15:26:01
53,836,35,42.4,25.9,172.16.60.31,2018-04-30,15:26:05
11859,816,0,38.9,34.1,10.0.0.23,2018-04-30,15:26:09
53,836,31,42.3,25.9,172.16.60.31,2018-04-30,15:26:13
11857,816,0,38.9,34.1,10.0.0.23,2018-04-30,15:26:17
53,836,31,42.4,25.9,172.16.60.31,2018-04-30,15:26:21
11863,816,0,37,34.1,10.0.0.23,2018-04-30,15:26:24
53,836,0,42.4,25.9,172.16.60.31,2018-04-30,15:26:29
11864,816,0,37.9,34.1,10.0.0.23,2018-04-30,15:26:32
53,836,39,42.4,25.9,172.16.60.31,2018-04-30,15:26:37
11866,816,0,37,34.1,10.0.0.23,2018-04-30,15:26:39
53,836,62,42.4,25.9,172.16.60.31,2018-04-30,15:26:45
11864,817,0,38.5,34.1,10.0.0.23,2018-04-30,15:26:47
53,836,89,42.4,25.9,172.16.60.31,2018-04-30,15:26:52
11866,816,0,38.5,34.1,10.0.0.23,2018-04-30,15:26:54
53,836,154,42.4,25.9,172.16.60.31,2018-04-30,15:27:00
11866,816,0,38.4,34.1,10.0.0.23,2018-04-30,15:27:02
53,836,99,42.4,25.9,172.16.60.31,2018-04-30,15:27:08
11865,817,0,38,34.1,10.0.0.23,2018-04-30,15:27:10
53,836,76,42.4,25.9,172.16.60.31,2018-04-30,15:27:16
11867,816,0,37.5,34.1,10.0.0.23,2018-04-30,15:27:18
53,836,110,42.4,25.9,172.16.60.31,2018-04-30,15:27:24
11873,817,26,37.5,34.1,10.0.0.23,2018-04-30,15:27:25
53,836,76,42.4,25.9,172.16.60.31,2018-04-30,15:27:32
11879,816,0,38,34.1,10.0.0.23,2018-04-30,15:27:33
53,836,0,42.3,25.9,172.16.60.31,2018-04-30,15:27:40
11889,816,0,38,34.1,10.0.0.23,2018-04-30,15:27:40
11898,816,0,38,34.1,10.0.0.23,2018-04-30,15:27:48
53,836,49,42.4,25.9,172.16.60.31,2018-04-30,15:27:48
11904,816,0,38,34.1,10.0.0.23,2018-04-30,15:27:55
53,836,31,42.4,25.9,172.16.60.31,2018-04-30,15:27:56
11913,816,0,38,34.1,10.0.0.23,2018-04-30,15:28:03
53,836,0,42.4,25.9,172.16.60.31,2018-04-30,15:28:04
11920,816,0,37.9,34.1,10.0.0.23,2018-04-30,15:28:11
53,836,102,42.3,25.9,172.16.60.31,2018-04-30,15:28:11
11927,816,0,38,34.8,10.0.0.23,2018-04-30,15:28:18
53,836,1,41.9,25.9,172.16.60.31,2018-04-30,15:28:19
11935,816,4,37.5,34.8,10.0.0.23,2018-04-30,15:28:26
53,836,0,42.3,25.9,172.16.60.31,2018-04-30,15:28:27
11941,816,0,37.5,34.8,10.0.0.23,2018-04-30,15:28:33
53,836,85,42.4,25.9,172.16.60.31,2018-04-30,15:28:35
11954,816,0,37.5,34.8,10.0.0.23,2018-04-30,15:28:41
53,836,154,42.4,25.9,172.16.60.31,2018-04-30,15:28:43
11952,816,0,37.5,34.8,10.0.0.23,2018-04-30,15:28:48
53,836,14,42.4,25.9,172.16.60.31,2018-04-30,15:28:51
11955,816,2,37.5,34.8,10.0.0.23,2018-04-30,15:28:57
53,836,107,42.4,25.9,172.16.60.31,2018-04-30,15:28:59
11950,816,19,37,34.8,10.0.0.23,2018-04-30,15:29:04
53,836,0,42.4,25.9,172.16.60.31,2018-04-30,15:29:06
11941,816,0,37.5,34.8,10.0.0.23,2018-04-30,15:29:12
53,836,16,42.3,25.9,172.16.60.31,2018-04-30,15:29:14
11933,816,0,37.5,34.8,10.0.0.23,2018-04-30,15:29:19
53,837,126,42.3,25.9,172.16.60.31,2018-04-30,15:29:22
11920,816,0,37.5,34.1,10.0.0.23,2018-04-30,15:29:27
53,837,16,42.4,25.9,172.16.60.31,2018-04-30,15:29:30
11905,816,52,38,34.1,10.0.0.23,2018-04-30,15:29:35
53,837,65,42.4,25.9,172.16.60.31,2018-04-30,15:29:38
11900,816,0,38.5,34.1,10.0.0.23,2018-04-30,15:29:42
53,837,50,42.4,25.9,172.16.60.31,2018-04-30,15:29:46
11887,816,0,37.9,34.8,10.0.0.23,2018-04-30,15:29:50
53,837,0,42.3,25.9,172.16.60.31,2018-04-30,15:29:54
11876,816,0,38,34.8,10.0.0.23,2018-04-30,15:29:57
53,837,100,41.9,25.9,172.16.60.31,2018-04-30,15:30:01
11870,816,77,37,34.1,10.0.0.23,2018-04-30,15:30:05
53,837,48,42.4,25.9,172.16.60.31,2018-04-30,15:30:09
11861,816,0,38,34.1,10.0.0.23,2018-04-30,15:30:13
53,837,41,42.4,25.9,172.16.60.31,2018-04-30,15:30:17
11855,816,0,38,34.1,10.0.0.23,2018-04-30,15:30:20
53,837,86,42.4,25.9,172.16.60.31,2018-04-30,15:30:24
11844,816,0,38,34.1,10.0.0.23,2018-04-30,15:30:28
53,837,0,42.4,25.9,172.16.60.31,2018-04-30,15:30:32
11823,816,0,37.5,34.1,10.0.0.23,2018-04-30,15:30:35
53,837,2,42.4,25.9,172.16.60.31,2018-04-30,15:30:40
11801,816,0,37.9,34.1,10.0.0.23,2018-04-30,15:30:43
53,837,144,42.4,25.9,172.16.60.31,2018-04-30,15:30:47
11779,816,0,38.4,34.1,10.0.0.23,2018-04-30,15:30:50
53,837,0,42.4,25.9,172.16.60.31,2018-04-30,15:30:55
11758,816,0,38.4,34.1,10.0.0.23,2018-04-30,15:30:58
53,837,40,42.4,25.9,172.16.60.31,2018-04-30,15:31:02
11735,816,0,38,34.1,10.0.0.23,2018-04-30,15:31:06
53,837,23,41.9,25.9,172.16.60.31,2018-04-30,15:31:10
11715,816,0,38,34.1,10.0.0.23,2018-04-30,15:31:13
53,837,138,41.9,25.9,172.16.60.31,2018-04-30,15:31:19
11692,816,0,37.5,34.1,10.0.0.23,2018-04-30,15:31:21
53,837,63,41.9,25.9,172.16.60.31,2018-04-30,15:31:26
11668,816,0,37.5,34.1,10.0.0.23,2018-04-30,15:31:28
52,837,79,42.4,25.9,172.16.60.31,2018-04-30,15:31:34
11647,816,0,37.9,34.1,10.0.0.23,2018-04-30,15:31:36
53,837,91,41.9,25.9,172.16.60.31,2018-04-30,15:31:42
11631,816,0,38,34.1,10.0.0.23,2018-04-30,15:31:44
53,837,34,41.9,25.9,172.16.60.31,2018-04-30,15:31:50
11603,816,0,38.4,34.1,10.0.0.23,2018-04-30,15:31:51
53,837,121,41.9,25.9,172.16.60.31,2018-04-30,15:31:57
11573,816,0,38.4,34.1,10.0.0.23,2018-04-30,15:31:59
53,837,9,41.9,25.9,172.16.60.31,2018-04-30,15:32:05
11544,816,16,35.5,34.1,10.0.0.23,2018-04-30,15:32:06
53,837,117,41.9,25.9,172.16.60.31,2018-04-30,15:32:14
11519,816,0,37.5,34.1,10.0.0.23,2018-04-30,15:32:14
53,837,102,41.9,25.9,172.16.60.31,2018-04-30,15:32:21
11488,816,0,36.5,34.1,10.0.0.23,2018-04-30,15:32:22
53,837,0,41.9,25.9,172.16.60.31,2018-04-30,15:32:29
11455,816,0,34.5,34.1,10.0.0.23,2018-04-30,15:32:29
11426,817,0,34.5,34.1,10.0.0.23,2018-04-30,15:32:37
53,837,11,42.3,25.9,172.16.60.31,2018-04-30,15:32:37
11395,817,0,36,34.1,10.0.0.23,2018-04-30,15:32:44
52,837,5,41.9,25.9,172.16.60.31,2018-04-30,15:32:47
11366,817,58,34.5,34.1,10.0.0.23,2018-04-30,15:32:52
53,837,124,41.9,25.9,172.16.60.31,2018-04-30,15:32:55
11337,818,0,35,33.5,10.0.0.23,2018-04-30,15:33:00
53,837,0,41.9,25.9,172.16.60.31,2018-04-30,15:33:03
11318,817,0,37.9,33.5,10.0.0.23,2018-04-30,15:33:07
52,837,0,41.9,25.9,172.16.60.31,2018-04-30,15:33:11
11293,817,8,38,33.5,10.0.0.23,2018-04-30,15:33:15
52,837,96,41.9,25.9,172.16.60.31,2018-04-30,15:33:19
11263,817,0,37.5,33.5,10.0.0.23,2018-04-30,15:33:22
52,837,66,41.9,25.9,172.16.60.31,2018-04-30,15:33:27
11232,818,0,36,33.5,10.0.0.23,2018-04-30,15:33:30
52,837,86,41.9,25.9,172.16.60.31,2018-04-30,15:33:35
11212,818,0,37.5,33.5,10.0.0.23,2018-04-30,15:33:38
52,837,26,41.9,25.9,172.16.60.31,2018-04-30,15:33:43
11196,818,0,35,33.5,10.0.0.23,2018-04-30,15:33:45
52,837,116,41.9,25.9,172.16.60.31,2018-04-30,15:33:52
11179,818,0,36,33.5,10.0.0.23,2018-04-30,15:33:53
52,837,0,41.9,25.9,172.16.60.31,2018-04-30,15:34:00
11166,818,0,36.5,33.5,10.0.0.23,2018-04-30,15:34:00
52,837,0,41.9,25.9,172.16.60.31,2018-04-30,15:34:08
11148,818,0,36,33.5,10.0.0.23,2018-04-30,15:34:08
52,837,0,41.9,25.9,172.16.60.31,2018-04-30,15:34:16
11131,818,0,36,33.5,10.0.0.23,2018-04-30,15:34:16
11115,819,0,36.5,33.5,10.0.0.23,2018-04-30,15:34:23
52,837,103,42.3,25.9,172.16.60.31,2018-04-30,15:34:24
11096,819,0,36,33.5,10.0.0.23,2018-04-30,15:34:31
53,837,65,42.3,25.9,172.16.60.31,2018-04-30,15:34:32
11082,819,0,37,32.8,10.0.0.23,2018-04-30,15:34:39
53,837,24,42.3,25.9,172.16.60.31,2018-04-30,15:34:41
11068,819,0,38,32.8,10.0.0.23,2018-04-30,15:34:46
52,837,182,42.4,25.9,172.16.60.31,2018-04-30,15:34:50
11056,819,0,38.9,32.8,10.0.0.23,2018-04-30,15:34:54
52,837,13,42.4,25.9,172.16.60.31,2018-04-30,15:34:57
11045,819,0,39.4,32.8,10.0.0.23,2018-04-30,15:35:01
52,837,141,42.4,25.9,172.16.60.31,2018-04-30,15:35:06
11030,819,0,38,32.8,10.0.0.23,2018-04-30,15:35:09
52,837,0,42.4,25.9,172.16.60.31,2018-04-30,15:35:14
11019,819,0,38.9,32.8,10.0.0.23,2018-04-30,15:35:16
52,837,0,41.9,25.9,172.16.60.31,2018-04-30,15:35:21
11008,819,0,38.4,32.8,10.0.0.23,2018-04-30,15:35:24
52,837,95,41.9,25.9,172.16.60.31,2018-04-30,15:35:29
10996,819,4,38,32.8,10.0.0.23,2018-04-30,15:35:32
52,837,0,42.4,25.9,172.16.60.31,2018-04-30,15:35:38
10986,819,0,38.4,32.8,10.0.0.23,2018-04-30,15:35:39
52,837,157,41.9,25.9,172.16.60.31,2018-04-30,15:35:46
10978,819,0,39.4,32.8,10.0.0.23,2018-04-30,15:35:47
52,837,85,41.9,25.9,172.16.60.31,2018-04-30,15:35:54
10971,819,0,39.4,32.8,10.0.0.23,2018-04-30,15:35:54
52,837,0,41.9,25.9,172.16.60.31,2018-04-30,15:36:02
10959,819,0,37.5,32.8,10.0.0.23,2018-04-30,15:36:02
10952,819,0,37.5,32.8,10.0.0.23,2018-04-30,15:36:09
52,837,0,41.9,25.9,172.16.60.31,2018-04-30,15:36:10
10948,819,59,39.4,32.8,10.0.0.23,2018-04-30,15:36:17
51,837,52,41.9,25.9,172.16.60.31,2018-04-30,15:36:18
10942,819,26,38.4,32.8,10.0.0.23,2018-04-30,15:36:25
52,837,124,41.9,25.9,172.16.60.31,2018-04-30,15:36:26
10936,819,0,37.5,32.8,10.0.0.23,2018-04-30,15:36:32
51,837,55,41.9,25.9,172.16.60.31,2018-04-30,15:36:34
10933,819,0,37.5,32.8,10.0.0.23,2018-04-30,15:36:40
51,837,156,41.9,25.9,172.16.60.31,2018-04-30,15:36:42
10927,819,0,38.5,32.8,10.0.0.23,2018-04-30,15:36:47
51,837,55,41.9,25.9,172.16.60.31,2018-04-30,15:36:49
10925,819,0,39.4,32.8,10.0.0.23,2018-04-30,15:36:55
51,837,22,41.9,25.9,172.16.60.31,2018-04-30,15:36:58
10922,819,0,38.9,32.8,10.0.0.23,2018-04-30,15:37:03
51,837,52,41.9,25.9,172.16.60.31,2018-04-30,15:37:05
10920,819,0,40.9,32.8,10.0.0.23,2018-04-30,15:37:10
51,837,132,41.9,25.9,172.16.60.31,2018-04-30,15:37:13
10920,819,0,40.4,32.8,10.0.0.23,2018-04-30,15:37:18
51,837,97,41.9,25.9,172.16.60.31,2018-04-30,15:37:21
10921,819,0,41.4,33.5,10.0.0.23,2018-04-30,15:37:25
51,837,73,41.9,25.9,172.16.60.31,2018-04-30,15:37:29
10921,819,0,40.9,33.5,10.0.0.23,2018-04-30,15:37:33
51,837,70,41.9,25.9,172.16.60.31,2018-04-30,15:37:37
10922,818,0,41.4,33.5,10.0.0.23,2018-04-30,15:37:41
51,837,62,41.9,25.9,172.16.60.31,2018-04-30,15:37:45
10924,818,0,40.4,33.5,10.0.0.23,2018-04-30,15:37:49
51,837,30,41.9,25.2,172.16.60.31,2018-04-30,15:37:53
10922,818,0,38,33.5,10.0.0.23,2018-04-30,15:37:56
51,837,147,41.9,25.2,172.16.60.31,2018-04-30,15:38:01
10922,818,0,38,33.5,10.0.0.23,2018-04-30,15:38:04
51,837,52,41.9,25.2,172.16.60.31,2018-04-30,15:38:10
10920,818,0,37.5,33.5,10.0.0.23,2018-04-30,15:38:11
51,837,0,41.9,25.2,172.16.60.31,2018-04-30,15:38:18
10913,818,0,36.5,33.5,10.0.0.23,2018-04-30,15:38:19
10911,818,0,38.4,33.5,10.0.0.23,2018-04-30,15:38:27
51,837,15,41.9,25.9,172.16.60.31,2018-04-30,15:38:27
10909,818,0,37.5,33.5,10.0.0.23,2018-04-30,15:38:34
51,837,15,41.9,25.2,172.16.60.31,2018-04-30,15:38:35
10909,819,0,38,33.5,10.0.0.23,2018-04-30,15:38:42
51,837,71,41.9,25.2,172.16.60.31,2018-04-30,15:38:43
10913,818,0,38.9,33.5,10.0.0.23,2018-04-30,15:38:49
51,837,135,41.9,25.2,172.16.60.31,2018-04-30,15:38:51
10911,819,0,37,33.5,10.0.0.23,2018-04-30,15:38:57
52,837,77,41.9,25.2,172.16.60.31,2018-04-30,15:38:59
10913,819,0,37.9,33.5,10.0.0.23,2018-04-30,15:39:05
51,837,0,41.9,25.2,172.16.60.31,2018-04-30,15:39:07
10915,818,0,37.5,33.5,10.0.0.23,2018-04-30,15:39:12
52,837,89,41.9,25.9,172.16.60.31,2018-04-30,15:39:14
10918,818,10,38.5,33.5,10.0.0.23,2018-04-30,15:39:20
52,837,71,41.9,25.9,172.16.60.31,2018-04-30,15:39:23
10923,818,0,38.4,33.5,10.0.0.23,2018-04-30,15:39:27
52,837,35,41.9,25.9,172.16.60.31,2018-04-30,15:39:30
10928,818,0,37.9,33.5,10.0.0.23,2018-04-30,15:39:35
52,837,80,41.4,25.9,172.16.60.31,2018-04-30,15:39:38
10928,818,0,35.5,33.5,10.0.0.23,2018-04-30,15:39:42
52,837,68,41.4,25.9,172.16.60.31,2018-04-30,15:39:46
10927,819,0,35.5,33.5,10.0.0.23,2018-04-30,15:39:50
52,837,21,41.9,25.9,172.16.60.31,2018-04-30,15:39:54
10925,819,0,36.5,33.5,10.0.0.23,2018-04-30,15:39:58
52,837,53,41.9,25.9,172.16.60.31,2018-04-30,15:40:02
10922,819,0,37,33.5,10.0.0.23,2018-04-30,15:40:05
52,837,109,41.4,25.9,172.16.60.31,2018-04-30,15:40:10
10919,818,0,38.5,33.5,10.0.0.23,2018-04-30,15:40:13
52,837,25,41.9,25.9,172.16.60.31,2018-04-30,15:40:18
10912,818,0,37,33.5,10.0.0.23,2018-04-30,15:40:20
52,837,72,41.4,25.9,172.16.60.31,2018-04-30,15:40:26
10903,818,13,36.5,33.5,10.0.0.23,2018-04-30,15:40:28
52,837,81,41.9,25.9,172.16.60.31,2018-04-30,15:40:35
10893,818,0,38,33.5,10.0.0.23,2018-04-30,15:40:36
52,837,156,41.9,25.9,172.16.60.31,2018-04-30,15:40:43
10895,818,0,40.9,33.5,10.0.0.23,2018-04-30,15:40:43
51,837,137,41.4,25.9,172.16.60.31,2018-04-30,15:40:51
10883,818,0,40.4,33.5,10.0.0.23,2018-04-30,15:40:51
10875,818,0,39.9,33.5,10.0.0.23,2018-04-30,15:40:58
51,837,27,41.4,25.9,172.16.60.31,2018-04-30,15:40:59
10871,818,0,39.4,33.5,10.0.0.23,2018-04-30,15:41:06
51,837,0,41.4,25.9,172.16.60.31,2018-04-30,15:41:06
10865,817,0,39.4,33.5,10.0.0.23,2018-04-30,15:41:14
51,837,45,41.4,25.9,172.16.60.31,2018-04-30,15:41:15
10859,817,0,38.9,33.5,10.0.0.23,2018-04-30,15:41:21
51,837,0,41.4,25.9,172.16.60.31,2018-04-30,15:41:23
10850,817,0,39.4,33.5,10.0.0.23,2018-04-30,15:41:29
51,837,0,41.4,25.9,172.16.60.31,2018-04-30,15:41:30
10843,817,0,39.4,33.5,10.0.0.23,2018-04-30,15:41:36
51,837,0,41.4,25.9,172.16.60.31,2018-04-30,15:41:39
10836,817,0,39.9,34.1,10.0.0.23,2018-04-30,15:41:44
51,837,11,41.4,25.9,172.16.60.31,2018-04-30,15:41:46
10830,817,0,39.4,34.1,10.0.0.23,2018-04-30,15:41:51
51,837,0,41.4,25.9,172.16.60.31,2018-04-30,15:41:54
10820,817,10,38.9,34.1,10.0.0.23,2018-04-30,15:41:59
51,837,97,41.4,25.9,172.16.60.31,2018-04-30,15:42:03
10810,817,0,38.5,34.1,10.0.0.23,2018-04-30,15:42:06
51,837,95,41.4,25.9,172.16.60.31,2018-04-30,15:42:11
10792,817,0,38.9,34.1,10.0.0.23,2018-04-30,15:42:14
51,837,30,41.4,25.9,172.16.60.31,2018-04-30,15:42:18
10769,817,0,38.4,34.1,10.0.0.23,2018-04-30,15:42:22
51,837,7,41.4,25.9,172.16.60.31,2018-04-30,15:42:26
10752,817,48,38.4,34.1,10.0.0.23,2018-04-30,15:42:29
51,837,0,41.4,25.9,172.16.60.31,2018-04-30,15:42:34
10733,817,12,38.4,34.1,10.0.0.23,2018-04-30,15:42:37
50,837,6,41.4,25.9,172.16.60.31,2018-04-30,15:42:41
10718,817,0,38,34.1,10.0.0.23,2018-04-30,15:42:44
50,837,104,41.4,25.9,172.16.60.31,2018-04-30,15:42:50
10699,817,0,37.5,34.1,10.0.0.23,2018-04-30,15:42:52
50,837,63,41.4,25.9,172.16.60.31,2018-04-30,15:42:58
10686,817,0,38,34.1,10.0.0.23,2018-04-30,15:43:00
10677,817,0,38,34.1,10.0.0.23,2018-04-30,15:43:07
50,837,156,41.4,25.9,172.16.60.31,2018-04-30,15:43:07
10669,817,0,37,34.1,10.0.0.23,2018-04-30,15:43:15
50,837,89,40.9,25.9,172.16.60.31,2018-04-30,15:43:15
10662,817,0,38,34.1,10.0.0.23,2018-04-30,15:43:22
50,837,40,41.4,25.9,172.16.60.31,2018-04-30,15:43:24
10658,817,0,38,34.1,10.0.0.23,2018-04-30,15:43:30
50,837,0,41.4,25.2,172.16.60.31,2018-04-30,15:43:32
10659,817,0,38,34.1,10.0.0.23,2018-04-30,15:43:38
50,837,0,41.4,25.2,172.16.60.31,2018-04-30,15:43:40
10667,817,0,37.9,34.1,10.0.0.23,2018-04-30,15:43:45
51,837,32,41.4,25.2,172.16.60.31,2018-04-30,15:43:47
10681,817,0,38.4,34.1,10.0.0.23,2018-04-30,15:43:53
50,837,43,41.4,25.2,172.16.60.31,2018-04-30,15:43:55
10692,817,0,38.5,34.1,10.0.0.23,2018-04-30,15:44:00
49,837,98,41.4,25.2,172.16.60.31,2018-04-30,15:44:03
10708,817,0,38.5,34.1,10.0.0.23,2018-04-30,15:44:08
49,837,107,41.4,25.2,172.16.60.31,2018-04-30,15:44:11
10726,817,0,38.5,34.1,10.0.0.23,2018-04-30,15:44:16
49,837,24,41.4,25.2,172.16.60.31,2018-04-30,15:44:20
10763,817,0,37.9,34.1,10.0.0.23,2018-04-30,15:44:23
50,838,94,41.4,25.2,172.16.60.31,2018-04-30,15:44:28
10804,816,0,38,34.1,10.0.0.23,2018-04-30,15:44:31
50,838,68,41.4,25.2,172.16.60.31,2018-04-30,15:44:36
10848,817,0,37.5,34.1,10.0.0.23,2018-04-30,15:44:38
49,837,36,41.4,25.2,172.16.60.31,2018-04-30,15:44:45
10899,817,0,37.5,34.1,10.0.0.23,2018-04-30,15:44:46
50,837,65,41.4,25.2,172.16.60.31,2018-04-30,15:44:53
10949,817,0,37.5,34.1,10.0.0.23,2018-04-30,15:44:53
50,837,53,41.4,25.2,172.16.60.31,2018-04-30,15:45:01
11004,817,0,37.5,34.1,10.0.0.23,2018-04-30,15:45:01
11056,817,0,37.5,34.1,10.0.0.23,2018-04-30,15:45:09
50,837,68,41.4,25.2,172.16.60.31,2018-04-30,15:45:09
11114,817,8,37.5,34.1,10.0.0.23,2018-04-30,15:45:16
49,837,70,41.4,25.2,172.16.60.31,2018-04-30,15:45:17
11179,817,0,37.5,34.1,10.0.0.23,2018-04-30,15:45:24
49,837,113,41.4,25.2,172.16.60.31,2018-04-30,15:45:25
11250,817,0,36.5,34.1,10.0.0.23,2018-04-30,15:45:32
49,837,117,41.4,25.2,172.16.60.31,2018-04-30,15:45:33
11316,817,0,36.5,34.1,10.0.0.23,2018-04-30,15:45:39
49,837,0,41.4,25.2,172.16.60.31,2018-04-30,15:45:41
11388,816,0,36.5,34.1,10.0.0.23,2018-04-30,15:45:47
50,837,51,41.4,25.2,172.16.60.31,2018-04-30,15:45:49
11455,817,0,36.5,34.1,10.0.0.23,2018-04-30,15:45:54
49,837,43,40.9,25.9,172.16.60.31,2018-04-30,15:45:57
11527,816,0,37,34.1,10.0.0.23,2018-04-30,15:46:02
49,837,111,40.9,25.9,172.16.60.31,2018-04-30,15:46:04
11604,817,0,37,34.1,10.0.0.23,2018-04-30,15:46:10
49,837,15,40.9,25.2,172.16.60.31,2018-04-30,15:46:14
11679,816,0,36.5,34.1,10.0.0.23,2018-04-30,15:46:17
49,837,86,40.9,25.2,172.16.60.31,2018-04-30,15:46:23
11758,817,0,35.5,34.1,10.0.0.23,2018-04-30,15:46:25
48,837,58,40.9,25.9,172.16.60.31,2018-04-30,15:46:31
11828,817,0,36,34.1,10.0.0.23,2018-04-30,15:46:32
48,837,106,41.4,25.9,172.16.60.31,2018-04-30,15:46:39
11895,817,0,36,34.1,10.0.0.23,2018-04-30,15:46:40
48,837,125,41.4,25.9,172.16.60.31,2018-04-30,15:46:46
11962,817,0,36,34.1,10.0.0.23,2018-04-30,15:46:48
48,837,47,40.9,25.9,172.16.60.31,2018-04-30,15:46:55
12030,817,0,37,34.1,10.0.0.23,2018-04-30,15:46:55
49,837,0,40.9,25.9,172.16.60.31,2018-04-30,15:47:03
12097,817,0,37.5,34.1,10.0.0.23,2018-04-30,15:47:03
49,837,148,40.9,25.9,172.16.60.31,2018-04-30,15:47:10
12164,817,0,37,34.1,10.0.0.23,2018-04-30,15:47:10
49,837,31,40.9,25.9,172.16.60.31,2018-04-30,15:47:18
12228,817,0,37.5,34.1,10.0.0.23,2018-04-30,15:47:18
49,837,2,40.9,25.9,172.16.60.31,2018-04-30,15:47:26
12280,817,0,36,34.1,10.0.0.23,2018-04-30,15:47:26
12334,817,0,37,34.1,10.0.0.23,2018-04-30,15:47:33
49,837,0,40.9,25.9,172.16.60.31,2018-04-30,15:47:34
12388,816,0,37,34.1,10.0.0.23,2018-04-30,15:47:41
49,837,16,40.9,25.9,172.16.60.31,2018-04-30,15:47:43
12441,816,4,37,34.1,10.0.0.23,2018-04-30,15:47:48
49,837,0,40.9,25.9,172.16.60.31,2018-04-30,15:47:50
12501,817,0,34.6,34.1,10.0.0.23,2018-04-30,15:47:56
49,837,83,40.9,25.9,172.16.60.31,2018-04-30,15:47:59
12564,817,18,36,34.1,10.0.0.23,2018-04-30,15:48:04
49,837,70,40.9,25.9,172.16.60.31,2018-04-30,15:48:07
12638,817,0,37.5,34.1,10.0.0.23,2018-04-30,15:48:11
49,837,0,40.9,25.9,172.16.60.31,2018-04-30,15:48:15
12708,817,0,37.5,34.1,10.0.0.23,2018-04-30,15:48:19
50,837,70,40.9,25.9,172.16.60.31,2018-04-30,15:48:23
12786,817,0,37.5,34.1,10.0.0.23,2018-04-30,15:48:27
49,837,127,40.9,25.2,172.16.60.31,2018-04-30,15:48:31
12853,816,0,37.5,34.1,10.0.0.23,2018-04-30,15:48:34
49,837,7,40.9,25.2,172.16.60.31,2018-04-30,15:48:40
12912,816,0,37.5,34.1,10.0.0.23,2018-04-30,15:48:42
50,837,65,40.9,25.2,172.16.60.31,2018-04-30,15:48:47
12963,816,0,37.5,34.1,10.0.0.23,2018-04-30,15:48:50
49,837,112,40.9,25.2,172.16.60.31,2018-04-30,15:48:56
13010,816,0,38,34.1,10.0.0.23,2018-04-30,15:48:57
50,837,50,40.9,25.2,172.16.60.31,2018-04-30,15:49:04
13045,816,0,36,34.1,10.0.0.23,2018-04-30,15:49:05
50,837,115,40.9,25.2,172.16.60.31,2018-04-30,15:49:12
13073,816,0,36,34.1,10.0.0.23,2018-04-30,15:49:12
13089,816,8,35.5,34.1,10.0.0.23,2018-04-30,15:49:20
50,837,3,41.4,25.2,172.16.60.31,2018-04-30,15:49:20
13089,816,0,36,34.1,10.0.0.23,2018-04-30,15:49:28
51,837,67,42.3,25.2,172.16.60.31,2018-04-30,15:49:29
13089,816,0,36,34.1,10.0.0.23,2018-04-30,15:49:36
50,837,95,42.4,25.2,172.16.60.31,2018-04-30,15:49:38
13076,816,0,35.5,34.1,10.0.0.23,2018-04-30,15:49:43
50,837,90,42.8,25.9,172.16.60.31,2018-04-30,15:49:46
13047,817,0,34.1,34.1,10.0.0.23,2018-04-30,15:49:51
50,837,35,43.8,25.9,172.16.60.31,2018-04-30,15:49:54
13010,817,0,33.6,34.1,10.0.0.23,2018-04-30,15:49:58
50,837,55,44.3,25.9,172.16.60.31,2018-04-30,15:50:02
12970,817,0,33.6,34.1,10.0.0.23,2018-04-30,15:50:06
50,837,0,44.3,25.9,172.16.60.31,2018-04-30,15:50:09
12928,817,0,34.5,34.1,10.0.0.23,2018-04-30,15:50:14
50,837,83,44.8,25.9,172.16.60.31,2018-04-30,15:50:18
12881,817,10,34.1,34.1,10.0.0.23,2018-04-30,15:50:21
50,837,49,45.8,25.9,172.16.60.31,2018-04-30,15:50:26
12829,817,0,34.6,33.5,10.0.0.23,2018-04-30,15:50:29
50,837,0,45.8,25.9,172.16.60.31,2018-04-30,15:50:34
12772,817,0,34.5,33.5,10.0.0.23,2018-04-30,15:50:37
50,837,62,46.3,25.9,172.16.60.31,2018-04-30,15:50:41
12713,817,0,34.5,33.5,10.0.0.23,2018-04-30,15:50:44
50,837,130,45.8,25.9,172.16.60.31,2018-04-30,15:50:49
12647,818,0,35,33.5,10.0.0.23,2018-04-30,15:50:52
49,837,0,45.3,25.9,172.16.60.31,2018-04-30,15:50:56
12587,818,0,35,33.5,10.0.0.23,2018-04-30,15:50:59
50,837,58,45.8,25.9,172.16.60.31,2018-04-30,15:51:04
12520,818,0,35,33.5,10.0.0.23,2018-04-30,15:51:07
49,837,79,46.7,25.9,172.16.60.31,2018-04-30,15:51:12
12460,818,0,35,33.5,10.0.0.23,2018-04-30,15:51:15
49,837,103,47.2,25.9,172.16.60.31,2018-04-30,15:51:20
12398,818,0,35,33.5,10.0.0.23,2018-04-30,15:51:22
49,837,0,46.7,25.9,172.16.60.31,2018-04-30,15:51:29
12336,818,0,35,33.5,10.0.0.23,2018-04-30,15:51:30
12276,818,0,35,33.5,10.0.0.23,2018-04-30,15:51:37
49,837,0,47.2,25.9,172.16.60.31,2018-04-30,15:51:38
12217,818,0,35.5,33.5,10.0.0.23,2018-04-30,15:51:45
49,837,0,47.7,25.9,172.16.60.31,2018-04-30,15:51:46
12160,818,0,36,33.5,10.0.0.23,2018-04-30,15:51:52
49,837,29,47.7,25.9,172.16.60.31,2018-04-30,15:51:54
12107,818,0,36,33.5,10.0.0.23,2018-04-30,15:52:00
49,837,19,47.7,25.9,172.16.60.31,2018-04-30,15:52:02
12061,818,0,36,33.5,10.0.0.23,2018-04-30,15:52:08
49,837,79,47.7,25.9,172.16.60.31,2018-04-30,15:52:10
12011,818,0,36,33.5,10.0.0.23,2018-04-30,15:52:15
49,837,0,47.7,25.9,172.16.60.31,2018-04-30,15:52:17
11962,818,0,36,33.5,10.0.0.23,2018-04-30,15:52:23
49,837,32,48.2,25.9,172.16.60.31,2018-04-30,15:52:25
11915,818,1,36.5,33.5,10.0.0.23,2018-04-30,15:52:31
49,837,31,48.2,25.9,172.16.60.31,2018-04-30,15:52:33
11865,818,0,37,33.5,10.0.0.23,2018-04-30,15:52:38
49,837,0,48.2,25.9,172.16.60.31,2018-04-30,15:52:41
11808,818,19,37,33.5,10.0.0.23,2018-04-30,15:52:46
49,837,84,48.2,25.9,172.16.60.31,2018-04-30,15:52:49
11748,818,0,37,33.5,10.0.0.23,2018-04-30,15:52:53
49,837,125,48.2,25.9,172.16.60.31,2018-04-30,15:52:59
11676,818,0,37.5,33.5,10.0.0.23,2018-04-30,15:53:01
49,836,0,48.7,25.9,172.16.60.31,2018-04-30,15:53:07
11607,818,0,38.9,33.5,10.0.0.23,2018-04-30,15:53:08
48,836,107,48.7,25.9,172.16.60.31,2018-04-30,15:53:15
11536,818,0,38,33.5,10.0.0.23,2018-04-30,15:53:16
48,836,0,48.7,25.9,172.16.60.31,2018-04-30,15:53:23
11448,818,0,37,33.5,10.0.0.23,2018-04-30,15:53:24
11363,818,0,37,33.5,10.0.0.23,2018-04-30,15:53:31
47,836,35,49.2,25.9,172.16.60.31,2018-04-30,15:53:32
11278,818,12,36.5,33.5,10.0.0.23,2018-04-30,15:53:39
47,836,126,49.2,25.9,172.16.60.31,2018-04-30,15:53:39
11203,818,0,38.9,33.5,10.0.0.23,2018-04-30,15:53:46
47,836,61,49.2,25.9,172.16.60.31,2018-04-30,15:53:48
11122,818,0,38.5,33.5,10.0.0.23,2018-04-30,15:53:54
47,836,107,49.7,25.9,172.16.60.31,2018-04-30,15:53:56
11053,818,26,37.9,33.5,10.0.0.23,2018-04-30,15:54:02
47,836,120,49.7,25.9,172.16.60.31,2018-04-30,15:54:03
11006,818,0,37.5,33.5,10.0.0.23,2018-04-30,15:54:09
47,836,71,49.7,25.9,172.16.60.31,2018-04-30,15:54:11
10957,819,0,38.4,33.5,10.0.0.23,2018-04-30,15:54:17
47,836,147,50.2,25.9,172.16.60.31,2018-04-30,15:54:18
10897,819,0,38.9,33.5,10.0.0.23,2018-04-30,15:54:24
46,836,48,50.2,25.9,172.16.60.31,2018-04-30,15:54:26
10844,818,0,39.4,33.5,10.0.0.23,2018-04-30,15:54:32
47,836,0,50.2,25.9,172.16.60.31,2018-04-30,15:54:34
10793,818,0,38.9,33.5,10.0.0.23,2018-04-30,15:54:39
46,836,88,50.2,25.9,172.16.60.31,2018-04-30,15:54:41
10745,818,0,38.4,33.5,10.0.0.23,2018-04-30,15:54:47
47,836,107,50.2,25.9,172.16.60.31,2018-04-30,15:54:49
10703,818,0,38.9,33.5,10.0.0.23,2018-04-30,15:54:55
47,836,16,50.2,25.9,172.16.60.31,2018-04-30,15:54:57
10655,818,0,38,33.5,10.0.0.23,2018-04-30,15:55:02
47,836,0,50.2,25.9,172.16.60.31,2018-04-30,15:55:05
10624,818,0,39.4,33.5,10.0.0.23,2018-04-30,15:55:10
45,836,0,50.2,25.9,172.16.60.31,2018-04-30,15:55:13
10599,818,6,39.4,33.5,10.0.0.23,2018-04-30,15:55:17
46,836,0,50.2,25.9,172.16.60.31,2018-04-30,15:55:21
10586,818,0,38.9,33.5,10.0.0.23,2018-04-30,15:55:25
47,836,7,50.7,25.9,172.16.60.31,2018-04-30,15:55:29
10590,818,0,38.9,33.5,10.0.0.23,2018-04-30,15:55:32
47,836,16,50.7,25.9,172.16.60.31,2018-04-30,15:55:36
10596,817,17,38.9,33.5,10.0.0.23,2018-04-30,15:55:40
46,836,32,50.7,25.9,172.16.60.31,2018-04-30,15:55:44
10606,817,0,38.5,33.5,10.0.0.23,2018-04-30,15:55:48
47,836,50,50.2,25.9,172.16.60.31,2018-04-30,15:55:51
10621,817,54,38.5,33.5,10.0.0.23,2018-04-30,15:55:55
46,836,170,50.2,25.9,172.16.60.31,2018-04-30,15:55:59
10641,817,5,38.9,33.5,10.0.0.23,2018-04-30,15:56:03
46,836,106,50.2,25.9,172.16.60.31,2018-04-30,15:56:07
10670,817,0,38.4,33.5,10.0.0.23,2018-04-30,15:56:10
46,836,2,50.2,25.9,172.16.60.31,2018-04-30,15:56:15
10717,817,0,39.4,33.5,10.0.0.23,2018-04-30,15:56:18
47,835,19,50.2,26.6,172.16.60.31,2018-04-30,15:56:23
10770,817,0,39.4,33.5,10.0.0.23,2018-04-30,15:56:25
47,835,0,50.7,26.6,172.16.60.31,2018-04-30,15:56:31
10832,817,0,38.9,33.5,10.0.0.23,2018-04-30,15:56:33
47,835,0,50.7,26.6,172.16.60.31,2018-04-30,15:56:38
10895,817,0,38.9,33.5,10.0.0.23,2018-04-30,15:56:41
46,835,12,50.7,26.6,172.16.60.31,2018-04-30,15:56:46
10954,817,0,38.9,34.1,10.0.0.23,2018-04-30,15:56:48
47,835,0,51.1,26.6,172.16.60.31,2018-04-30,15:56:54
11003,817,0,37.5,33.5,10.0.0.23,2018-04-30,15:56:56
47,835,197,51.1,26.6,172.16.60.31,2018-04-30,15:57:02
11046,817,0,38,33.5,10.0.0.23,2018-04-30,15:57:03
47,835,0,51.1,26.6,172.16.60.31,2018-04-30,15:57:10
11084,818,0,37.5,33.5,10.0.0.23,2018-04-30,15:57:11
47,835,30,51.1,26.6,172.16.60.31,2018-04-30,15:57:17
11116,818,0,38,33.5,10.0.0.23,2018-04-30,15:57:18
47,835,44,51.1,26.6,172.16.60.31,2018-04-30,15:57:25
11135,818,0,38.5,33.5,10.0.0.23,2018-04-30,15:57:26
47,835,0,51.2,26.6,172.16.60.31,2018-04-30,15:57:33
11144,818,0,38.5,33.5,10.0.0.23,2018-04-30,15:57:34
47,835,73,51.2,26.6,172.16.60.31,2018-04-30,15:57:41
11144,818,19,38,33.5,10.0.0.23,2018-04-30,15:57:41
11140,818,0,38,33.5,10.0.0.23,2018-04-30,15:57:49
47,835,0,51.2,26.6,172.16.60.31,2018-04-30,15:57:49
11134,818,0,38,33.5,10.0.0.23,2018-04-30,15:57:56
46,835,22,51.2,26.6,172.16.60.31,2018-04-30,15:57:56
11120,818,0,38,33.5,10.0.0.23,2018-04-30,15:58:04
46,835,133,51.2,26.6,172.16.60.31,2018-04-30,15:58:04
11101,818,0,38.4,33.5,10.0.0.23,2018-04-30,15:58:12
47,835,79,51.2,26.6,172.16.60.31,2018-04-30,15:58:12
11083,818,0,38.5,33.5,10.0.0.23,2018-04-30,15:58:19
47,835,0,51.1,26.6,172.16.60.31,2018-04-30,15:58:20
11066,818,0,38.4,33.5,10.0.0.23,2018-04-30,15:58:27
47,835,38,51.2,26.6,172.16.60.31,2018-04-30,15:58:29
11050,818,0,38.4,33.5,10.0.0.23,2018-04-30,15:58:34
47,835,144,51.1,26.6,172.16.60.31,2018-04-30,15:58:38
11037,818,0,38,33.5,10.0.0.23,2018-04-30,15:58:42
47,835,0,51.6,26.6,172.16.60.31,2018-04-30,15:58:46
11024,818,0,38,33.5,10.0.0.23,2018-04-30,15:58:50
48,835,0,51.6,26.6,172.16.60.31,2018-04-30,15:58:53
11010,818,0,38.9,33.5,10.0.0.23,2018-04-30,15:58:57
48,835,67,51.6,26.6,172.16.60.31,2018-04-30,15:59:02
11000,818,0,38.4,33.5,10.0.0.23,2018-04-30,15:59:05
48,835,38,51.6,26.6,172.16.60.31,2018-04-30,15:59:09
10990,818,0,38.9,33.5,10.0.0.23,2018-04-30,15:59:12
47,835,118,51.6,26.6,172.16.60.31,2018-04-30,15:59:17
10983,818,0,38.9,33.5,10.0.0.23,2018-04-30,15:59:20
48,835,72,51.6,26.6,172.16.60.31,2018-04-30,15:59:25
10974,818,0,38.9,33.5,10.0.0.23,2018-04-30,15:59:27
47,835,66,51.6,26.6,172.16.60.31,2018-04-30,15:59:33
10966,818,0,38.4,33.5,10.0.0.23,2018-04-30,15:59:35
46,835,101,51.6,26.6,172.16.60.31,2018-04-30,15:59:41
10955,818,0,38.4,33.5,10.0.0.23,2018-04-30,15:59:43
47,835,0,51.1,26.6,172.16.60.31,2018-04-30,15:59:49
10945,818,0,38.9,33.5,10.0.0.23,2018-04-30,15:59:50
46,835,139,51.6,26.6,172.16.60.31,2018-04-30,15:59:57
10936,818,0,38.9,33.5,10.0.0.23,2018-04-30,15:59:58
46,835,27,51.6,26.6,172.16.60.31,2018-04-30,16:00:05
10928,818,0,38.9,33.5,10.0.0.23,2018-04-30,16:00:05
46,834,74,51.1,26.6,172.16.60.31,2018-04-30,16:00:13
10915,818,0,38.9,33.5,10.0.0.23,2018-04-30,16:00:13
10907,818,0,38.9,33.5,10.0.0.23,2018-04-30,16:00:21
46,834,148,51.2,26.6,172.16.60.31,2018-04-30,16:00:21
10904,818,0,39.4,33.5,10.0.0.23,2018-04-30,16:00:28
46,834,1,50.7,26.6,172.16.60.31,2018-04-30,16:00:29
10890,818,42,39.9,33.5,10.0.0.23,2018-04-30,16:00:36
45,835,26,50.2,26.6,172.16.60.31,2018-04-30,16:00:37
10879,818,0,39.4,33.5,10.0.0.23,2018-04-30,16:00:44
45,835,0,50.2,26.6,172.16.60.31,2018-04-30,16:00:46
10878,818,0,39.9,33.5,10.0.0.23,2018-04-30,16:00:51
45,835,0,50.2,26.6,172.16.60.31,2018-04-30,16:00:54
10880,818,0,39.9,33.5,10.0.0.23,2018-04-30,16:00:59
45,835,94,49.7,26.6,172.16.60.31,2018-04-30,16:01:02
10890,818,1,39.4,33.5,10.0.0.23,2018-04-30,16:01:07
45,835,142,49.7,26.6,172.16.60.31,2018-04-30,16:01:09
10911,818,0,39.4,33.5,10.0.0.23,2018-04-30,16:01:14
44,835,0,49.2,26.6,172.16.60.31,2018-04-30,16:01:17
10941,819,81,39.4,33.5,10.0.0.23,2018-04-30,16:01:22
45,835,0,49.2,26.6,172.16.60.31,2018-04-30,16:01:25
10981,819,0,40.9,33.5,10.0.0.23,2018-04-30,16:01:29
45,835,83,49.2,26.6,172.16.60.31,2018-04-30,16:01:33
11033,818,0,41.4,33.5,10.0.0.23,2018-04-30,16:01:37
45,835,34,49.2,26.6,172.16.60.31,2018-04-30,16:01:41
11091,818,0,41.4,33.5,10.0.0.23,2018-04-30,16:01:44
45,835,133,49.2,26.6,172.16.60.31,2018-04-30,16:01:48
11136,818,0,40.9,33.5,10.0.0.23,2018-04-30,16:01:52
45,834,25,49.2,26.6,172.16.60.31,2018-04-30,16:01:56
11165,818,32,40.4,33.5,10.0.0.23,2018-04-30,16:02:00
44,834,8,48.7,26.6,172.16.60.31,2018-04-30,16:02:04
11184,818,0,39.9,33.5,10.0.0.23,2018-04-30,16:02:07
43,834,59,48.7,26.6,172.16.60.31,2018-04-30,16:02:12
11189,818,0,38.5,33.5,10.0.0.23,2018-04-30,16:02:15
44,835,125,48.7,26.6,172.16.60.31,2018-04-30,16:02:20
11187,818,0,38.9,33.5,10.0.0.23,2018-04-30,16:02:22
45,834,50,48.7,26.6,172.16.60.31,2018-04-30,16:02:28
11178,818,0,38,33.5,10.0.0.23,2018-04-30,16:02:30
45,834,11,48.7,26.6,172.16.60.31,2018-04-30,16:02:36
11165,818,0,38,33.5,10.0.0.23,2018-04-30,16:02:38
44,834,0,48.2,26.6,172.16.60.31,2018-04-30,16:02:45
11156,818,0,38.5,33.5,10.0.0.23,2018-04-30,16:02:45
11146,818,0,38.9,33.5,10.0.0.23,2018-04-30,16:02:53
44,834,48,48.2,26.6,172.16.60.31,2018-04-30,16:02:53
11126,818,0,38.9,33.5,10.0.0.23,2018-04-30,16:03:01
44,834,84,48.2,26.6,172.16.60.31,2018-04-30,16:03:01
11107,818,0,39.4,33.5,10.0.0.23,2018-04-30,16:03:08
44,834,94,48.2,26.6,172.16.60.31,2018-04-30,16:03:09
11086,818,0,40.4,33.5,10.0.0.23,2018-04-30,16:03:15
43,834,151,48.2,26.6,172.16.60.31,2018-04-30,16:03:18
11060,818,0,38.5,33.5,10.0.0.23,2018-04-30,16:03:23
43,834,0,47.7,26.6,172.16.60.31,2018-04-30,16:03:26
11034,818,0,39.4,33.5,10.0.0.23,2018-04-30,16:03:31
43,834,2,47.7,26.6,172.16.60.31,2018-04-30,16:03:33
11012,818,0,40.9,33.5,10.0.0.23,2018-04-30,16:03:38
44,834,0,47.7,26.6,172.16.60.31,2018-04-30,16:03:41
10982,818,0,40.4,33.5,10.0.0.23,2018-04-30,16:03:46
44,834,38,47.7,26.6,172.16.60.31,2018-04-30,16:03:49
10946,818,0,38.9,33.5,10.0.0.23,2018-04-30,16:03:54
44,834,94,47.2,26.6,172.16.60.31,2018-04-30,16:03:57
10906,818,0,38,33.5,10.0.0.23,2018-04-30,16:04:01
43,834,50,47.2,26.6,172.16.60.31,2018-04-30,16:04:05
10870,817,0,37.9,33.5,10.0.0.23,2018-04-30,16:04:09
43,834,35,47.2,26.6,172.16.60.31,2018-04-30,16:04:13
10825,818,0,38,33.5,10.0.0.23,2018-04-30,16:04:16
43,834,43,47.2,26.6,172.16.60.31,2018-04-30,16:04:22
10788,818,0,38,33.5,10.0.0.23,2018-04-30,16:04:24
43,835,93,46.7,26.6,172.16.60.31,2018-04-30,16:04:30
10752,818,0,38,33.5,10.0.0.23,2018-04-30,16:04:31
43,835,0,46.8,26.6,172.16.60.31,2018-04-30,16:04:38
10713,818,0,38,33.5,10.0.0.23,2018-04-30,16:04:39
43,835,0,46.7,26.6,172.16.60.31,2018-04-30,16:04:46
10674,818,41,37.5,33.5,10.0.0.23,2018-04-30,16:04:46
43,835,113,46.7,26.6,172.16.60.31,2018-04-30,16:04:54
10641,818,0,38,33.5,10.0.0.23,2018-04-30,16:04:54
43,835,104,46.8,26.6,172.16.60.31,2018-04-30,16:05:01
10606,818,0,38.5,33.5,10.0.0.23,2018-04-30,16:05:02
42,835,25,46.8,26.6,172.16.60.31,2018-04-30,16:05:09
10560,818,0,37.9,33.5,10.0.0.23,2018-04-30,16:05:09
39,835,0,46.7,26.6,172.16.60.31,2018-04-30,16:05:17
10514,818,0,38.4,33.5,10.0.0.23,2018-04-30,16:05:17
10467,818,6,38.9,33.5,10.0.0.23,2018-04-30,16:05:25
39,835,0,46.7,26.6,172.16.60.31,2018-04-30,16:05:25
10415,818,0,38.5,33.5,10.0.0.23,2018-04-30,16:05:32
39,835,0,46.8,26.6,172.16.60.31,2018-04-30,16:05:34
10364,818,0,38.5,33.5,10.0.0.23,2018-04-30,16:05:40
39,835,0,46.7,26.6,172.16.60.31,2018-04-30,16:05:42
10310,818,2,38.5,33.5,10.0.0.23,2018-04-30,16:05:47
41,835,95,46.8,26.6,172.16.60.31,2018-04-30,16:05:50
10263,818,0,38.9,33.5,10.0.0.23,2018-04-30,16:05:55
42,835,31,46.3,26.6,172.16.60.31,2018-04-30,16:05:58
10216,818,0,39.9,33.5,10.0.0.23,2018-04-30,16:06:03
42,835,76,46.3,26.6,172.16.60.31,2018-04-30,16:06:06
10166,818,0,39.4,33.5,10.0.0.23,2018-04-30,16:06:10
42,835,29,46.2,26.6,172.16.60.31,2018-04-30,16:06:15
10121,818,15,39.4,33.5,10.0.0.23,2018-04-30,16:06:18
42,835,15,46.2,26.6,172.16.60.31,2018-04-30,16:06:22
10080,818,0,39.9,33.5,10.0.0.23,2018-04-30,16:06:26
42,835,51,46.2,26.6,172.16.60.31,2018-04-30,16:06:31
10037,818,0,39.9,33.5,10.0.0.23,2018-04-30,16:06:33
42,835,9,46.2,26.6,172.16.60.31,2018-04-30,16:06:39
9999,817,14,39.9,33.5,10.0.0.23,2018-04-30,16:06:40
42,835,31,46.2,25.9,172.16.60.31,2018-04-30,16:06:47
9962,817,0,39.9,34.1,10.0.0.23,2018-04-30,16:06:48
42,835,107,46.2,26.6,172.16.60.31,2018-04-30,16:06:55
9923,817,0,38,33.5,10.0.0.23,2018-04-30,16:06:55
42,835,106,46.3,25.9,172.16.60.31,2018-04-30,16:07:03
9888,817,0,37,33.5,10.0.0.23,2018-04-30,16:07:03
9856,818,0,37,33.5,10.0.0.23,2018-04-30,16:07:11
42,835,49,46.2,25.9,172.16.60.31,2018-04-30,16:07:11
9834,818,0,37.5,33.5,10.0.0.23,2018-04-30,16:07:18
42,836,44,46.2,25.9,172.16.60.31,2018-04-30,16:07:19
9815,818,0,37.5,33.5,10.0.0.23,2018-04-30,16:07:26
42,835,76,46.3,25.9,172.16.60.31,2018-04-30,16:07:26
9796,818,0,37.5,33.5,10.0.0.23,2018-04-30,16:07:33
42,835,24,46.3,25.9,172.16.60.31,2018-04-30,16:07:35
9785,818,0,38.9,33.5,10.0.0.23,2018-04-30,16:07:41
42,835,36,46.3,25.9,172.16.60.31,2018-04-30,16:07:43
9778,818,0,39.9,33.5,10.0.0.23,2018-04-30,16:07:49
42,835,0,45.8,25.9,172.16.60.31,2018-04-30,16:07:51
9766,818,0,38,33.5,10.0.0.23,2018-04-30,16:07:56
42,835,101,45.8,25.9,172.16.60.31,2018-04-30,16:08:00
9749,818,0,37.9,33.5,10.0.0.23,2018-04-30,16:08:04
41,836,31,45.8,25.9,172.16.60.31,2018-04-30,16:08:07
9729,818,0,38.9,33.5,10.0.0.23,2018-04-30,16:08:11
42,836,120,45.8,25.9,172.16.60.31,2018-04-30,16:08:16
9708,818,32,38,33.5,10.0.0.23,2018-04-30,16:08:19
42,836,18,45.8,25.9,172.16.60.31,2018-04-30,16:08:25
9685,818,0,38.5,33.5,10.0.0.23,2018-04-30,16:08:26
41,836,0,45.8,25.9,172.16.60.31,2018-04-30,16:08:33
9661,818,0,38.5,33.5,10.0.0.23,2018-04-30,16:08:34
9637,818,0,38.9,33.5,10.0.0.23,2018-04-30,16:08:42
41,836,27,45.8,25.9,172.16.60.31,2018-04-30,16:08:42
9617,819,0,38.9,33.5,10.0.0.23,2018-04-30,16:08:49
41,836,0,45.8,25.9,172.16.60.31,2018-04-30,16:08:50
9596,819,0,38.9,33.5,10.0.0.23,2018-04-30,16:08:57
41,836,65,45.8,25.9,172.16.60.31,2018-04-30,16:08:58
9582,819,0,38,32.8,10.0.0.23,2018-04-30,16:09:04
41,836,0,45.8,25.9,172.16.60.31,2018-04-30,16:09:06
9571,819,0,38.4,32.8,10.0.0.23,2018-04-30,16:09:12
41,836,0,45.8,25.9,172.16.60.31,2018-04-30,16:09:14
9558,819,0,38.5,32.8,10.0.0.23,2018-04-30,16:09:19
41,836,0,45.8,25.9,172.16.60.31,2018-04-30,16:09:22
9551,819,0,39.4,32.8,10.0.0.23,2018-04-30,16:09:27
41,836,10,45.8,25.9,172.16.60.31,2018-04-30,16:09:30
9546,819,0,38.9,32.8,10.0.0.23,2018-04-30,16:09:35
41,836,0,45.8,25.9,172.16.60.31,2018-04-30,16:09:37
9543,819,84,38.9,32.8,10.0.0.23,2018-04-30,16:09:42
41,836,85,45.8,25.9,172.16.60.31,2018-04-30,16:09:45
9543,819,0,37.9,32.8,10.0.0.23,2018-04-30,16:09:50
41,836,78,45.8,25.9,172.16.60.31,2018-04-30,16:09:54
9543,819,0,37.9,32.8,10.0.0.23,2018-04-30,16:09:57
41,836,0,45.8,25.9,172.16.60.31,2018-04-30,16:10:01
9547,819,0,38.4,32.8,10.0.0.23,2018-04-30,16:10:05
41,836,0,45.8,25.9,172.16.60.31,2018-04-30,16:10:09
9548,819,0,38.9,32.8,10.0.0.23,2018-04-30,16:10:13
41,836,71,45.8,25.9,172.16.60.31,2018-04-30,16:10:17
9550,819,0,38.9,32.8,10.0.0.23,2018-04-30,16:10:20
41,836,89,45.8,25.9,172.16.60.31,2018-04-30,16:10:25
9557,819,0,39.4,32.8,10.0.0.23,2018-04-30,16:10:28
40,836,231,45.8,25.9,172.16.60.31,2018-04-30,16:10:33
9565,819,0,38.9,32.8,10.0.0.23,2018-04-30,16:10:35
41,836,0,45.8,25.9,172.16.60.31,2018-04-30,16:10:41
9579,819,0,38.5,32.8,10.0.0.23,2018-04-30,16:10:43
41,836,107,45.8,25.9,172.16.60.31,2018-04-30,16:10:49
9596,820,0,38.4,32.8,10.0.0.23,2018-04-30,16:10:50
41,836,0,45.8,25.9,172.16.60.31,2018-04-30,16:10:57
9612,820,0,38.9,32.8,10.0.0.23,2018-04-30,16:10:58
41,836,5,45.8,25.9,172.16.60.31,2018-04-30,16:11:05
9627,820,0,38.9,32.8,10.0.0.23,2018-04-30,16:11:06
41,836,0,45.8,25.9,172.16.60.31,2018-04-30,16:11:13
9648,819,0,40.4,32.8,10.0.0.23,2018-04-30,16:11:13
9660,820,0,38.9,32.8,10.0.0.23,2018-04-30,16:11:21
40,836,67,45.8,25.9,172.16.60.31,2018-04-30,16:11:21
9677,820,0,38.5,32.8,10.0.0.23,2018-04-30,16:11:28
41,836,158,45.8,25.9,172.16.60.31,2018-04-30,16:11:29
9693,820,0,40.4,32.8,10.0.0.23,2018-04-30,16:11:36
41,836,93,45.8,25.9,172.16.60.31,2018-04-30,16:11:37
9710,819,0,40.4,32.8,10.0.0.23,2018-04-30,16:11:44
41,836,14,45.3,25.9,172.16.60.31,2018-04-30,16:11:46
9724,819,0,39.9,32.8,10.0.0.23,2018-04-30,16:11:51
41,836,52,45.3,25.9,172.16.60.31,2018-04-30,16:11:55
9739,819,0,39.4,32.8,10.0.0.23,2018-04-30,16:11:59
41,836,79,45.3,25.9,172.16.60.31,2018-04-30,16:12:03
9757,819,0,39.9,32.8,10.0.0.23,2018-04-30,16:12:07
41,836,0,45.3,25.9,172.16.60.31,2018-04-30,16:12:10
9777,819,0,39.4,32.8,10.0.0.23,2018-04-30,16:12:14
41,836,26,45.3,25.9,172.16.60.31,2018-04-30,16:12:19
9796,819,0,38.9,32.8,10.0.0.23,2018-04-30,16:12:22
41,836,2,45.3,25.9,172.16.60.31,2018-04-30,16:12:26
9822,819,0,41.9,32.8,10.0.0.23,2018-04-30,16:12:29
41,836,15,45.3,25.9,172.16.60.31,2018-04-30,16:12:34
9846,819,2,42.8,32.8,10.0.0.23,2018-04-30,16:12:37
41,836,35,44.8,25.9,172.16.60.31,2018-04-30,16:12:42
9870,818,0,42.3,32.8,10.0.0.23,2018-04-30,16:12:44
42,836,33,44.8,25.9,172.16.60.31,2018-04-30,16:12:49
9894,818,0,40.4,33.5,10.0.0.23,2018-04-30,16:12:52
41,836,32,44.8,25.9,172.16.60.31,2018-04-30,16:12:57
9917,818,0,38.5,33.5,10.0.0.23,2018-04-30,16:13:00
41,836,111,44.8,25.9,172.16.60.31,2018-04-30,16:13:06
9939,818,0,37.5,33.5,10.0.0.23,2018-04-30,16:13:08
41,836,10,44.8,25.9,172.16.60.31,2018-04-30,16:13:14
9961,818,0,38,33.5,10.0.0.23,2018-04-30,16:13:15
41,836,28,44.8,25.9,172.16.60.31,2018-04-30,16:13:22
9980,818,0,38.5,33.5,10.0.0.23,2018-04-30,16:13:23
41,836,56,44.8,25.9,172.16.60.31,2018-04-30,16:13:30
9996,818,0,37.5,33.5,10.0.0.23,2018-04-30,16:13:30
10007,818,0,37,33.5,10.0.0.23,2018-04-30,16:13:38
41,836,38,44.8,25.9,172.16.60.31,2018-04-30,16:13:38
10016,818,25,37,33.5,10.0.0.23,2018-04-30,16:13:46
41,836,65,44.8,25.9,172.16.60.31,2018-04-30,16:13:47
10023,818,0,38,33.5,10.0.0.23,2018-04-30,16:13:53
41,836,2,44.8,25.9,172.16.60.31,2018-04-30,16:13:55
10031,818,31,37,33.5,10.0.0.23,2018-04-30,16:14:01
41,836,5,46.3,25.9,172.16.60.31,2018-04-30,16:14:04
10037,818,0,37,33.5,10.0.0.23,2018-04-30,16:14:08
41,836,79,47.2,25.9,172.16.60.31,2018-04-30,16:14:13
10044,818,0,36.5,33.5,10.0.0.23,2018-04-30,16:14:16
41,836,60,47.7,25.9,172.16.60.31,2018-04-30,16:14:21
10054,818,0,36.5,33.5,10.0.0.23,2018-04-30,16:14:23
41,836,0,47.7,25.9,172.16.60.31,2018-04-30,16:14:29
10061,818,0,36.5,33.5,10.0.0.23,2018-04-30,16:14:31
41,836,99,47.7,25.9,172.16.60.31,2018-04-30,16:14:37
10073,819,0,36.5,32.8,10.0.0.23,2018-04-30,16:14:39
41,836,129,48.7,25.9,172.16.60.31,2018-04-30,16:14:45
10084,819,0,39.9,32.8,10.0.0.23,2018-04-30,16:14:47
41,836,70,48.7,25.9,172.16.60.31,2018-04-30,16:14:53
10093,819,0,40.4,32.8,10.0.0.23,2018-04-30,16:14:54
41,836,0,49.2,25.9,172.16.60.31,2018-04-30,16:15:01
10103,818,18,40.4,33.5,10.0.0.23,2018-04-30,16:15:02
41,836,47,49.2,25.9,172.16.60.31,2018-04-30,16:15:09
10109,818,0,38.9,33.5,10.0.0.23,2018-04-30,16:15:10
10113,818,0,38.4,33.5,10.0.0.23,2018-04-30,16:15:17
41,836,151,49.2,25.9,172.16.60.31,2018-04-30,16:15:17
10113,818,0,38.9,33.5,10.0.0.23,2018-04-30,16:15:25
42,836,0,49.2,25.9,172.16.60.31,2018-04-30,16:15:25
10109,818,31,38.4,33.5,10.0.0.23,2018-04-30,16:15:33
42,836,48,49.7,25.9,172.16.60.31,2018-04-30,16:15:34
10106,818,0,38.9,33.5,10.0.0.23,2018-04-30,16:15:40
42,836,0,49.7,25.9,172.16.60.31,2018-04-30,16:15:43
10101,818,0,38.5,33.5,10.0.0.23,2018-04-30,16:15:48
42,836,14,49.2,25.9,172.16.60.31,2018-04-30,16:15:50
10098,818,0,37.5,33.5,10.0.0.23,2018-04-30,16:15:55
42,836,65,49.7,25.9,172.16.60.31,2018-04-30,16:15:58
10100,818,0,38,33.5,10.0.0.23,2018-04-30,16:16:03
42,836,114,50.2,25.9,172.16.60.31,2018-04-30,16:16:06
10099,818,0,38,33.5,10.0.0.23,2018-04-30,16:16:10
42,836,0,50.2,25.9,172.16.60.31,2018-04-30,16:16:14
10098,818,0,37.5,33.5,10.0.0.23,2018-04-30,16:16:18
42,836,127,50.7,25.9,172.16.60.31,2018-04-30,16:16:23
10095,818,0,38,33.5,10.0.0.23,2018-04-30,16:16:26
42,835,44,50.7,25.9,172.16.60.31,2018-04-30,16:16:31
10086,818,6,38,33.5,10.0.0.23,2018-04-30,16:16:33
